id,content_type,content_license,attribution_url,title,download_url,image_format
1,image/jpg,,,"storybook-1-cover","/image/1.jpg",JPG
2,image/jpg,,,"storybook-1-ch-1","/image/2.jpg",JPG
3,image/jpg,,,"storybook-1-ch-2","/image/3.jpg",JPG
4,image/jpg,,,"storybook-1-ch-3","/image/4.jpg",JPG
5,image/jpg,,,"storybook-1-ch-4","/image/5.jpg",JPG
6,image/jpg,,,"storybook-1-ch-5","/image/6.jpg",JPG
7,image/jpg,,,"storybook-1-ch-6","/image/7.jpg",JPG
8,image/jpg,,,"storybook-1-ch-7","/image/8.jpg",JPG
9,image/jpg,,,"storybook-1-ch-8","/image/9.jpg",JPG
10,image/jpg,,,"storybook-1-ch-9","/image/10.jpg",JPG
41,image/jpeg,,,"storybook-1-ch-10","/image/41.jpg",JPG
12,image/jpg,,,"storybook-1-ch-11","/image/12.jpg",JPG
13,image/jpg,,,"storybook-1-ch-12","/image/13.jpg",JPG
14,image/jpg,,,"storybook-2-cover","/image/14.jpg",JPG
15,image/jpg,,,"storybook-2-ch-1","/image/15.jpg",JPG
16,image/jpg,,,"storybook-2-ch-2","/image/16.jpg",JPG
17,image/jpg,,,"storybook-2-ch-3","/image/17.jpg",JPG
18,image/jpg,,,"storybook-2-ch-4","/image/18.jpg",JPG
19,image/jpg,,,"storybook-2-ch-5","/image/19.jpg",JPG
20,image/jpg,,,"storybook-2-ch-6","/image/20.jpg",JPG
21,image/jpg,,,"storybook-2-ch-7","/image/21.jpg",JPG
22,image/jpg,,,"storybook-2-ch-8","/image/22.jpg",JPG
23,image/jpg,,,"storybook-2-ch-9","/image/23.jpg",JPG
24,image/jpg,,,"storybook-2-ch-10","/image/24.jpg",JPG
25,image/jpg,,,"storybook-2-ch-11","/image/25.jpg",JPG
26,image/jpeg,CREATIVE_COMMONS_CC_BY,"https://bookdash.org/books/friend-gerhard-van-wyk-jade-mathieson-lara-de-groot/","who-is-our-friend_notxt_20180930_1","/image/26.jpg",JPG
27,image/jpeg,CREATIVE_COMMONS_CC_BY,"https://bookdash.org/books/friend-gerhard-van-wyk-jade-mathieson-lara-de-groot/","who-is-our-friend_notxt_20180930_3","/image/27.jpg",JPG
28,image/jpeg,CREATIVE_COMMONS_CC_BY,"https://bookdash.org/books/friend-gerhard-van-wyk-jade-mathieson-lara-de-groot/","who-is-our-friend_notxt_20180930_5","/image/28.jpg",JPG
29,image/jpeg,CREATIVE_COMMONS_CC_BY,"https://bookdash.org/books/friend-gerhard-van-wyk-jade-mathieson-lara-de-groot/","who-is-our-friend_notxt_20180930_6","/image/29.jpg",JPG
30,image/jpeg,CREATIVE_COMMONS_CC_BY,"https://bookdash.org/books/friend-gerhard-van-wyk-jade-mathieson-lara-de-groot/","who-is-our-friend_notxt_20180930_7","/image/30.jpg",JPG
31,image/jpeg,CREATIVE_COMMONS_CC_BY,"https://bookdash.org/books/friend-gerhard-van-wyk-jade-mathieson-lara-de-groot/","who-is-our-friend_notxt_20180930_8","/image/31.jpg",JPG
32,image/jpeg,CREATIVE_COMMONS_CC_BY,"https://bookdash.org/books/friend-gerhard-van-wyk-jade-mathieson-lara-de-groot/","who-is-our-friend_notxt_20180930_9","/image/32.jpg",JPG
33,image/jpeg,CREATIVE_COMMONS_CC_BY,"https://bookdash.org/books/friend-gerhard-van-wyk-jade-mathieson-lara-de-groot/","who-is-our-friend_notxt_20180930_10","/image/33.jpg",JPG
34,image/jpeg,CREATIVE_COMMONS_CC_BY,"https://bookdash.org/books/friend-gerhard-van-wyk-jade-mathieson-lara-de-groot/","who-is-our-friend_notxt_20180930_11","/image/34.jpg",JPG
35,image/jpeg,CREATIVE_COMMONS_CC_BY,"https://bookdash.org/books/friend-gerhard-van-wyk-jade-mathieson-lara-de-groot/","who-is-our-friend_notxt_20180930_12","/image/35.jpg",JPG
36,image/jpeg,CREATIVE_COMMONS_CC_BY,"https://bookdash.org/books/friend-gerhard-van-wyk-jade-mathieson-lara-de-groot/","who-is-our-friend_notxt_20180930_13","/image/36.jpg",JPG
37,image/jpeg,CREATIVE_COMMONS_CC_BY,"https://bookdash.org/books/friend-gerhard-van-wyk-jade-mathieson-lara-de-groot/","who-is-our-friend_notxt_20180930_14","/image/37.jpg",JPG
38,image/jpeg,CREATIVE_COMMONS_CC_BY,"https://bookdash.org/books/friend-gerhard-van-wyk-jade-mathieson-lara-de-groot/","who-is-our-friend_notxt_20180930_15","/image/38.jpg",JPG
39,image/jpeg,CREATIVE_COMMONS_CC_BY,"https://bookdash.org/books/friend-gerhard-van-wyk-jade-mathieson-lara-de-groot/","who-is-our-friend_notxt_20180930_16","/image/39.jpg",JPG
40,image/jpeg,CREATIVE_COMMONS_CC_BY,"https://bookdash.org/books/friend-gerhard-van-wyk-jade-mathieson-lara-de-groot/","who-is-our-friend_notxt_20180930_18","/image/40.jpg",JPG
42,image/jpg,,,"storybook-4-cover","/image/42.jpg",JPG
55,image/jpeg,CREATIVE_COMMONS_CC_BY,"https://bookdash.org/books/yellow-ladybird-martha-evans-catherine-holtzhausen-nadene-kriel/","lara-the-yellow-ladybird_20180329_cover","/image/55.jpg",JPG
56,image/jpeg,CREATIVE_COMMONS_CC_BY,"https://bookdash.org/books/yellow-ladybird-martha-evans-catherine-holtzhausen-nadene-kriel/","lara-the-yellow-ladybird_20180329_page_2","/image/56.jpg",JPG
57,image/jpeg,CREATIVE_COMMONS_CC_BY,"https://bookdash.org/books/yellow-ladybird-martha-evans-catherine-holtzhausen-nadene-kriel/","lara-the-yellow-ladybird_20180329_page_3","/image/57.jpg",JPG
58,image/jpeg,CREATIVE_COMMONS_CC_BY,"https://bookdash.org/books/yellow-ladybird-martha-evans-catherine-holtzhausen-nadene-kriel/","lara-the-yellow-ladybird_20180329_page_4","/image/58.jpg",JPG
59,image/jpeg,CREATIVE_COMMONS_CC_BY,"https://bookdash.org/books/yellow-ladybird-martha-evans-catherine-holtzhausen-nadene-kriel/","lara-the-yellow-ladybird_20180329_page_5","/image/59.jpg",JPG
44,image/jpg,,,"storybook-4-ch-2","/image/44.jpg",JPG
45,image/jpg,,,"storybook-4-ch-3","/image/45.jpg",JPG
46,image/jpg,,,"storybook-4-ch-4","/image/46.jpg",JPG
47,image/jpg,,,"storybook-4-ch-5","/image/47.jpg",JPG
48,image/jpg,,,"storybook-4-ch-6","/image/48.jpg",JPG
49,image/jpg,,,"storybook-4-ch-7","/image/49.jpg",JPG
50,image/jpg,,,"storybook-4-ch-8","/image/50.jpg",JPG
51,image/jpg,,,"storybook-4-ch-9","/image/51.jpg",JPG
52,image/jpg,,,"storybook-4-ch-10","/image/52.jpg",JPG
53,image/jpg,,,"storybook-4-ch-11","/image/53.jpg",JPG
54,image/jpg,,,"storybook-4-ch-12","/image/54.jpg",JPG
60,image/jpeg,CREATIVE_COMMONS_CC_BY,"https://bookdash.org/books/yellow-ladybird-martha-evans-catherine-holtzhausen-nadene-kriel/","lara-the-yellow-ladybird_20180329_page_6","/image/60.jpg",JPG
61,image/jpeg,CREATIVE_COMMONS_CC_BY,"https://bookdash.org/books/yellow-ladybird-martha-evans-catherine-holtzhausen-nadene-kriel/","lara-the-yellow-ladybird_20180329_page_7","/image/61.jpg",JPG
62,image/jpeg,CREATIVE_COMMONS_CC_BY,"https://bookdash.org/books/yellow-ladybird-martha-evans-catherine-holtzhausen-nadene-kriel/","lara-the-yellow-ladybird_20180329_page_8","/image/62.jpg",JPG
63,image/jpeg,CREATIVE_COMMONS_CC_BY,"https://bookdash.org/books/yellow-ladybird-martha-evans-catherine-holtzhausen-nadene-kriel/","lara-the-yellow-ladybird_20180329_page_9","/image/63.jpg",JPG
64,image/jpeg,CREATIVE_COMMONS_CC_BY,"https://bookdash.org/books/yellow-ladybird-martha-evans-catherine-holtzhausen-nadene-kriel/","lara-the-yellow-ladybird_20180329_page_10","/image/64.jpg",JPG
65,image/jpeg,CREATIVE_COMMONS_CC_BY,"https://bookdash.org/books/yellow-ladybird-martha-evans-catherine-holtzhausen-nadene-kriel/","lara-the-yellow-ladybird_20180329_page_11","/image/65.jpg",JPG
66,image/jpeg,CREATIVE_COMMONS_CC_BY,"https://bookdash.org/books/yellow-ladybird-martha-evans-catherine-holtzhausen-nadene-kriel/","lara-the-yellow-ladybird_20180329_page_12","/image/66.jpg",JPG
67,image/jpeg,CREATIVE_COMMONS_CC_BY,"https://bookdash.org/books/yellow-ladybird-martha-evans-catherine-holtzhausen-nadene-kriel/","lara-the-yellow-ladybird_20180329_page_13","/image/67.jpg",JPG
68,image/jpeg,CREATIVE_COMMONS_CC_BY,"https://bookdash.org/books/yellow-ladybird-martha-evans-catherine-holtzhausen-nadene-kriel/","lara-the-yellow-ladybird_20180329_page_14","/image/68.jpg",JPG
69,image/jpeg,CREATIVE_COMMONS_CC_BY,"https://bookdash.org/books/yellow-ladybird-martha-evans-catherine-holtzhausen-nadene-kriel/","lara-the-yellow-ladybird_20180329_page_15","/image/69.jpg",JPG
70,image/jpeg,CREATIVE_COMMONS_CC_BY,"https://bookdash.org/books/friend-gerhard-van-wyk-jade-mathieson-lara-de-groot/","lara-the-yellow-ladybird_20180329_page_17","/image/70.jpg",JPG
71,image/jpg,,,"storybook-6-cover","/image/71.jpg",JPG
83,image/jpg,,,"storybook-7-cover","/image/83.jpg",JPG
73,image/jpg,,,"storybook-6-ch-2","/image/73.jpg",JPG
74,image/jpg,,,"storybook-6-ch-3","/image/74.jpg",JPG
75,image/jpg,,,"storybook-6-ch-4","/image/75.jpg",JPG
76,image/jpg,,,"storybook-6-ch-5","/image/76.jpg",JPG
77,image/jpg,,,"storybook-6-ch-6","/image/77.jpg",JPG
78,image/jpg,,,"storybook-6-ch-7","/image/78.jpg",JPG
79,image/jpg,,,"storybook-6-ch-8","/image/79.jpg",JPG
80,image/jpg,,,"storybook-6-ch-9","/image/80.jpg",JPG
81,image/jpg,,,"storybook-6-ch-10","/image/81.jpg",JPG
82,image/jpg,,,"storybook-6-ch-11","/image/82.jpg",JPG
85,image/jpg,,,"storybook-7-ch-2","/image/85.jpg",JPG
86,image/jpg,,,"storybook-7-ch-5","/image/86.jpg",JPG
87,image/jpg,,,"storybook-7-ch-6","/image/87.jpg",JPG
88,image/jpg,,,"storybook-7-ch-7","/image/88.jpg",JPG
89,image/jpg,,,"storybook-7-ch-10","/image/89.jpg",JPG
90,image/jpg,,,"storybook-7-ch-12","/image/90.jpg",JPG
91,image/jpg,,,"storybook-7-ch-13","/image/91.jpg",JPG
92,image/jpg,,,"storybook-7-ch-14","/image/92.jpg",JPG
93,image/jpg,,,"storybook-7-ch-15","/image/93.jpg",JPG
94,image/jpg,,,"storybook-7-ch-16","/image/94.jpg",JPG
95,image/jpg,,,"storybook-7-ch-17","/image/95.jpg",JPG
109,image/jpeg,CREATIVE_COMMONS_CC_BY,"https://bookdash.org/books/special-hair-renate-van-rensburg-jess-jardim-wedepohl-candice-dingwall/","my-special-hair_20170315_cover","/image/109.jpg",JPG
110,image/jpeg,CREATIVE_COMMONS_CC_BY,"https://bookdash.org/books/special-hair-renate-van-rensburg-jess-jardim-wedepohl-candice-dingwall/","my-special-hair_20170315_page2","/image/110.jpg",JPG
111,image/jpeg,CREATIVE_COMMONS_CC_BY,"https://bookdash.org/books/special-hair-renate-van-rensburg-jess-jardim-wedepohl-candice-dingwall/","my-special-hair_20170315_page4","/image/111.jpg",JPG
112,image/jpeg,CREATIVE_COMMONS_CC_BY,"https://bookdash.org/books/special-hair-renate-van-rensburg-jess-jardim-wedepohl-candice-dingwall/","my-special-hair_20170315_page5","/image/112.jpg",JPG
113,image/jpeg,CREATIVE_COMMONS_CC_BY,"https://bookdash.org/books/special-hair-renate-van-rensburg-jess-jardim-wedepohl-candice-dingwall/","my-special-hair_20170315_page6","/image/113.jpg",JPG
114,image/jpeg,CREATIVE_COMMONS_CC_BY,"https://bookdash.org/books/special-hair-renate-van-rensburg-jess-jardim-wedepohl-candice-dingwall/","my-special-hair_20170315_page7","/image/114.jpg",JPG
115,image/jpeg,CREATIVE_COMMONS_CC_BY,"https://bookdash.org/books/special-hair-renate-van-rensburg-jess-jardim-wedepohl-candice-dingwall/","my-special-hair_20170315_page8","/image/115.jpg",JPG
116,image/jpeg,CREATIVE_COMMONS_CC_BY,"https://bookdash.org/books/special-hair-renate-van-rensburg-jess-jardim-wedepohl-candice-dingwall/","my-special-hair_20170315_page9","/image/116.jpg",JPG
117,image/jpeg,CREATIVE_COMMONS_CC_BY,"https://bookdash.org/books/special-hair-renate-van-rensburg-jess-jardim-wedepohl-candice-dingwall/","my-special-hair_20170315_page10","/image/117.jpg",JPG
118,image/jpeg,CREATIVE_COMMONS_CC_BY,"https://bookdash.org/books/special-hair-renate-van-rensburg-jess-jardim-wedepohl-candice-dingwall/","my-special-hair_20170315_page11","/image/118.jpg",JPG
119,image/jpeg,CREATIVE_COMMONS_CC_BY,"https://bookdash.org/books/special-hair-renate-van-rensburg-jess-jardim-wedepohl-candice-dingwall/","my-special-hair_20170315_page12","/image/119.jpg",JPG
120,image/jpeg,CREATIVE_COMMONS_CC_BY,"https://bookdash.org/books/special-hair-renate-van-rensburg-jess-jardim-wedepohl-candice-dingwall/","my-special-hair_20170315_page13","/image/120.jpg",JPG
121,image/jpeg,CREATIVE_COMMONS_CC_BY,"https://bookdash.org/books/special-hair-renate-van-rensburg-jess-jardim-wedepohl-candice-dingwall/","my-special-hair_20170315_page14","/image/121.jpg",JPG
122,image/jpeg,CREATIVE_COMMONS_CC_BY,"https://bookdash.org/books/special-hair-renate-van-rensburg-jess-jardim-wedepohl-candice-dingwall/","my-special-hair_20170315_page15","/image/122.jpg",JPG
123,image/jpeg,CREATIVE_COMMONS_CC_BY,"https://bookdash.org/books/special-hair-renate-van-rensburg-jess-jardim-wedepohl-candice-dingwall/","my-special-hair_20170315_page16","/image/123.jpg",JPG
124,image/jpeg,CREATIVE_COMMONS_CC_BY,"https://bookdash.org/books/special-hair-renate-van-rensburg-jess-jardim-wedepohl-candice-dingwall/","my-special-hair_20170315_page17","/image/124.jpg",JPG
125,image/jpg,,,"storybook-10-cover","/image/125.jpg",JPG
364,image/jpg,,,"storybook-27-ch-13","/image/364.jpg",JPG
144,image/jpg,,,"storybook-11-cover","/image/144.jpg",JPG
127,image/jpg,,,"storybook-10-ch-2","/image/127.jpg",JPG
128,image/jpg,,,"storybook-10-ch-3","/image/128.jpg",JPG
129,image/jpg,,,"storybook-10-ch-4","/image/129.jpg",JPG
130,image/jpg,,,"storybook-10-ch-5","/image/130.jpg",JPG
131,image/jpg,,,"storybook-10-ch-6","/image/131.jpg",JPG
132,image/jpg,,,"storybook-10-ch-7","/image/132.jpg",JPG
133,image/jpg,,,"storybook-10-ch-8","/image/133.jpg",JPG
134,image/jpg,,,"storybook-10-ch-9","/image/134.jpg",JPG
135,image/jpg,,,"storybook-10-ch-10","/image/135.jpg",JPG
136,image/jpg,,,"storybook-10-ch-11","/image/136.jpg",JPG
137,image/jpg,,,"storybook-10-ch-12","/image/137.jpg",JPG
138,image/jpg,,,"storybook-10-ch-13","/image/138.jpg",JPG
139,image/jpg,,,"storybook-10-ch-14","/image/139.jpg",JPG
140,image/jpg,,,"storybook-10-ch-15","/image/140.jpg",JPG
141,image/jpg,,,"storybook-10-ch-16","/image/141.jpg",JPG
142,image/jpg,,,"storybook-10-ch-17","/image/142.jpg",JPG
143,image/jpg,,,"storybook-10-ch-18","/image/143.jpg",JPG
153,image/jpg,,,"storybook-12-cover","/image/153.jpg",JPG
363,image/jpg,,,"storybook-27-ch-12","/image/363.jpg",JPG
360,image/jpg,,,"storybook-27-ch-9","/image/360.jpg",JPG
361,image/jpg,,,"storybook-27-ch-10","/image/361.jpg",JPG
362,image/jpg,,,"storybook-27-ch-11","/image/362.jpg",JPG
357,image/jpg,,,"storybook-27-ch-6","/image/357.jpg",JPG
358,image/jpg,,,"storybook-27-ch-7","/image/358.jpg",JPG
359,image/jpg,,,"storybook-27-ch-8","/image/359.jpg",JPG
371,image/jpeg,CREATIVE_COMMONS_CC_BY,"https://storyweaver.org.in/stories/212728-when-i-grow-up","xa_ndikhula_image_1","/image/371.jpg",JPG
372,image/jpeg,CREATIVE_COMMONS_CC_BY,"https://storyweaver.org.in/stories/212728-when-i-grow-up","xa_ndikhula_image_2","/image/372.jpg",JPG
373,image/jpeg,CREATIVE_COMMONS_CC_BY,"https://storyweaver.org.in/stories/212728-when-i-grow-up","xa_ndikhula_image_3","/image/373.jpg",JPG
353,image/jpg,,,"storybook-27-ch-2","/image/353.jpg",JPG
354,image/jpg,,,"storybook-27-ch-3","/image/354.jpg",JPG
355,image/jpg,,,"storybook-27-ch-4","/image/355.jpg",JPG
356,image/jpg,,,"storybook-27-ch-5","/image/356.jpg",JPG
374,image/jpeg,CREATIVE_COMMONS_CC_BY,"https://storyweaver.org.in/stories/212728-when-i-grow-up","xa_ndikhula_image_4","/image/374.jpg",JPG
375,image/jpeg,CREATIVE_COMMONS_CC_BY,"https://storyweaver.org.in/stories/212728-when-i-grow-up","xa_ndikhula_image_5","/image/375.jpg",JPG
376,image/jpeg,CREATIVE_COMMONS_CC_BY,"https://storyweaver.org.in/stories/212728-when-i-grow-up","xa_ndikhula_image_6","/image/376.jpg",JPG
351,image/jpg,,,"storybook-27-cover","/image/351.jpg",JPG
377,image/jpeg,CREATIVE_COMMONS_CC_BY,"https://storyweaver.org.in/stories/212728-when-i-grow-up","xa_ndikhula_image_7","/image/377.jpg",JPG
378,image/jpeg,CREATIVE_COMMONS_CC_BY,"https://storyweaver.org.in/stories/212728-when-i-grow-up","xa_ndikhula_image_8","/image/378.jpg",JPG
379,image/jpeg,CREATIVE_COMMONS_CC_BY,"https://storyweaver.org.in/stories/212728-when-i-grow-up","xa_ndikhula_image_9","/image/379.jpg",JPG
157,image/jpeg,CREATIVE_COMMONS_CC_BY,"https://bookdash.org/books/come-stay-with-me/","come-stay-with-me_20191122_cover","/image/157.jpg",JPG
158,image/jpeg,CREATIVE_COMMONS_CC_BY,"https://bookdash.org/books/come-stay-with-me/","come-stay-with-me_interior_20191122_page2","/image/158.jpg",JPG
159,image/jpeg,CREATIVE_COMMONS_CC_BY,"https://bookdash.org/books/come-stay-with-me/","come-stay-with-me_interior_20191122_page4","/image/159.jpg",JPG
160,image/jpeg,CREATIVE_COMMONS_CC_BY,"https://bookdash.org/books/come-stay-with-me/","come-stay-with-me_interior_20191122_page5","/image/160.jpg",JPG
161,image/jpeg,CREATIVE_COMMONS_CC_BY,"https://bookdash.org/books/come-stay-with-me/","come-stay-with-me_interior_20191122_page6","/image/161.jpg",JPG
162,image/jpeg,CREATIVE_COMMONS_CC_BY,"https://bookdash.org/books/come-stay-with-me/","come-stay-with-me_interior_20191122_page7","/image/162.jpg",JPG
163,image/jpeg,CREATIVE_COMMONS_CC_BY,"https://bookdash.org/books/come-stay-with-me/","come-stay-with-me_interior_20191122_page8","/image/163.jpg",JPG
164,image/jpeg,CREATIVE_COMMONS_CC_BY,"https://bookdash.org/books/come-stay-with-me/","come-stay-with-me_interior_20191122_page9","/image/164.jpg",JPG
165,image/jpeg,CREATIVE_COMMONS_CC_BY,"https://bookdash.org/books/come-stay-with-me/","come-stay-with-me_interior_20191122_page10","/image/165.jpg",JPG
166,image/jpeg,CREATIVE_COMMONS_CC_BY,"https://bookdash.org/books/come-stay-with-me/","come-stay-with-me_interior_20191122_page11","/image/166.jpg",JPG
167,image/jpeg,CREATIVE_COMMONS_CC_BY,"https://bookdash.org/books/come-stay-with-me/","come-stay-with-me_interior_20191122_page12","/image/167.jpg",JPG
168,image/jpeg,CREATIVE_COMMONS_CC_BY,"https://bookdash.org/books/come-stay-with-me/","come-stay-with-me_interior_20191122_page13","/image/168.jpg",JPG
169,image/jpeg,CREATIVE_COMMONS_CC_BY,"https://bookdash.org/books/come-stay-with-me/","come-stay-with-me_interior_20191122_page14","/image/169.jpg",JPG
170,image/jpeg,CREATIVE_COMMONS_CC_BY,"https://bookdash.org/books/come-stay-with-me/","come-stay-with-me_interior_20191122_page15","/image/170.jpg",JPG
171,image/jpeg,CREATIVE_COMMONS_CC_BY,"https://bookdash.org/books/come-stay-with-me/","come-stay-with-me_interior_20191122_page17","/image/171.jpg",JPG
172,image/jpg,,,"storybook-14-cover","/image/172.jpg",JPG
174,image/jpg,,,"storybook-15-cover","/image/174.jpg",JPG
187,image/jpg,,,"storybook-16-cover","/image/187.jpg",JPG
207,image/jpg,,,"storybook-17-cover","/image/207.jpg",JPG
189,image/jpg,,,"storybook-16-ch-2","/image/189.jpg",JPG
190,image/jpg,,,"storybook-16-ch-3","/image/190.jpg",JPG
191,image/jpg,,,"storybook-16-ch-4","/image/191.jpg",JPG
192,image/jpg,,,"storybook-16-ch-5","/image/192.jpg",JPG
193,image/jpg,,,"storybook-16-ch-6","/image/193.jpg",JPG
194,image/jpg,,,"storybook-16-ch-7","/image/194.jpg",JPG
195,image/jpg,,,"storybook-16-ch-8","/image/195.jpg",JPG
196,image/jpg,,,"storybook-16-ch-9","/image/196.jpg",JPG
197,image/jpg,,,"storybook-16-ch-10","/image/197.jpg",JPG
198,image/jpg,,,"storybook-16-ch-11","/image/198.jpg",JPG
176,image/jpg,,,"storybook-15-ch-2","/image/176.jpg",JPG
177,image/jpg,,,"storybook-15-ch-3","/image/177.jpg",JPG
178,image/jpg,,,"storybook-15-ch-4","/image/178.jpg",JPG
179,image/jpg,,,"storybook-15-ch-5","/image/179.jpg",JPG
180,image/jpg,,,"storybook-15-ch-6","/image/180.jpg",JPG
181,image/jpg,,,"storybook-15-ch-7","/image/181.jpg",JPG
182,image/jpg,,,"storybook-15-ch-8","/image/182.jpg",JPG
183,image/jpg,,,"storybook-15-ch-9","/image/183.jpg",JPG
184,image/jpg,,,"storybook-15-ch-10","/image/184.jpg",JPG
185,image/jpg,,,"storybook-15-ch-11","/image/185.jpg",JPG
186,image/jpg,,,"storybook-15-ch-12","/image/186.jpg",JPG
199,image/jpg,,,"storybook-16-ch-12","/image/199.jpg",JPG
200,image/jpg,,,"storybook-16-ch-13","/image/200.jpg",JPG
201,image/jpg,,,"storybook-16-ch-14","/image/201.jpg",JPG
202,image/jpg,,,"storybook-16-ch-15","/image/202.jpg",JPG
203,image/jpg,,,"storybook-16-ch-16","/image/203.jpg",JPG
204,image/jpg,,,"storybook-16-ch-17","/image/204.jpg",JPG
205,image/jpg,,,"storybook-16-ch-18","/image/205.jpg",JPG
206,image/jpg,,,"storybook-16-ch-19","/image/206.jpg",JPG
223,image/jpg,,,"storybook-18-cover","/image/223.jpg",JPG
209,image/jpg,,,"storybook-17-ch-2","/image/209.jpg",JPG
210,image/jpg,,,"storybook-17-ch-3","/image/210.jpg",JPG
211,image/jpg,,,"storybook-17-ch-4","/image/211.jpg",JPG
212,image/jpg,,,"storybook-17-ch-5","/image/212.jpg",JPG
213,image/jpg,,,"storybook-17-ch-6","/image/213.jpg",JPG
214,image/jpg,,,"storybook-17-ch-7","/image/214.jpg",JPG
215,image/jpg,,,"storybook-17-ch-8","/image/215.jpg",JPG
216,image/jpg,,,"storybook-17-ch-9","/image/216.jpg",JPG
217,image/jpg,,,"storybook-17-ch-10","/image/217.jpg",JPG
218,image/jpg,,,"storybook-17-ch-11","/image/218.jpg",JPG
219,image/jpg,,,"storybook-17-ch-12","/image/219.jpg",JPG
220,image/jpg,,,"storybook-17-ch-13","/image/220.jpg",JPG
221,image/jpg,,,"storybook-17-ch-14","/image/221.jpg",JPG
222,image/jpg,,,"storybook-17-ch-15","/image/222.jpg",JPG
246,image/jpeg,CREATIVE_COMMONS_CC_BY,"https://bookdash.org/books/a-tiny-seed-by-nicola-rijsdijk-maya-marshak/","a-tiny-seed_20180405_cover","/image/246.jpg",JPG
247,image/jpeg,CREATIVE_COMMONS_CC_BY,"https://bookdash.org/books/a-tiny-seed-by-nicola-rijsdijk-maya-marshak/","a-tiny-seed_20180405_page2","/image/247.jpg",JPG
248,image/jpeg,CREATIVE_COMMONS_CC_BY,"https://bookdash.org/books/a-tiny-seed-by-nicola-rijsdijk-maya-marshak/","a-tiny-seed_20180405_page4","/image/248.jpg",JPG
249,image/jpeg,CREATIVE_COMMONS_CC_BY,"https://bookdash.org/books/a-tiny-seed-by-nicola-rijsdijk-maya-marshak/","a-tiny-seed_20180405_page5","/image/249.jpg",JPG
225,image/jpg,,,"storybook-18-ch-2","/image/225.jpg",JPG
226,image/jpg,,,"storybook-18-ch-3","/image/226.jpg",JPG
227,image/jpg,,,"storybook-18-ch-4","/image/227.jpg",JPG
228,image/jpg,,,"storybook-18-ch-5","/image/228.jpg",JPG
229,image/jpg,,,"storybook-18-ch-6","/image/229.jpg",JPG
230,image/jpg,,,"storybook-18-ch-7","/image/230.jpg",JPG
231,image/jpg,,,"storybook-18-ch-8","/image/231.jpg",JPG
232,image/jpg,,,"storybook-18-ch-9","/image/232.jpg",JPG
233,image/jpg,,,"storybook-18-ch-10","/image/233.jpg",JPG
234,image/jpg,,,"storybook-18-ch-11","/image/234.jpg",JPG
235,image/jpg,,,"storybook-18-ch-12","/image/235.jpg",JPG
236,image/jpg,,,"storybook-18-ch-13","/image/236.jpg",JPG
237,image/jpg,,,"storybook-18-ch-14","/image/237.jpg",JPG
238,image/jpg,,,"storybook-18-ch-15","/image/238.jpg",JPG
239,image/jpg,,,"storybook-18-ch-16","/image/239.jpg",JPG
240,image/jpg,,,"storybook-18-ch-17","/image/240.jpg",JPG
241,image/jpg,,,"storybook-18-ch-18","/image/241.jpg",JPG
242,image/jpg,,,"storybook-18-ch-19","/image/242.jpg",JPG
243,image/jpg,,,"storybook-18-ch-20","/image/243.jpg",JPG
244,image/jpg,,,"storybook-18-ch-21","/image/244.jpg",JPG
245,image/jpg,,,"storybook-18-ch-22","/image/245.jpg",JPG
250,image/jpeg,CREATIVE_COMMONS_CC_BY,"https://bookdash.org/books/a-tiny-seed-by-nicola-rijsdijk-maya-marshak/","a-tiny-seed_20180405_page6","/image/250.jpg",JPG
251,image/jpeg,CREATIVE_COMMONS_CC_BY,"https://bookdash.org/books/a-tiny-seed-by-nicola-rijsdijk-maya-marshak/","a-tiny-seed_20180405_page7","/image/251.jpg",JPG
252,image/jpeg,CREATIVE_COMMONS_CC_BY,"https://bookdash.org/books/a-tiny-seed-by-nicola-rijsdijk-maya-marshak/","a-tiny-seed_20180405_page8","/image/252.jpg",JPG
253,image/jpeg,CREATIVE_COMMONS_CC_BY,"https://bookdash.org/books/a-tiny-seed-by-nicola-rijsdijk-maya-marshak/","a-tiny-seed_20180405_page9","/image/253.jpg",JPG
254,image/jpeg,CREATIVE_COMMONS_CC_BY,"https://bookdash.org/books/a-tiny-seed-by-nicola-rijsdijk-maya-marshak/","a-tiny-seed_20180405_page10","/image/254.jpg",JPG
255,image/jpeg,CREATIVE_COMMONS_CC_BY,"https://bookdash.org/books/a-tiny-seed-by-nicola-rijsdijk-maya-marshak/","a-tiny-seed_20180405_page11","/image/255.jpg",JPG
256,image/jpeg,CREATIVE_COMMONS_CC_BY,"https://bookdash.org/books/a-tiny-seed-by-nicola-rijsdijk-maya-marshak/","a-tiny-seed_20180405_page12","/image/256.jpg",JPG
257,image/jpeg,CREATIVE_COMMONS_CC_BY,"https://bookdash.org/books/a-tiny-seed-by-nicola-rijsdijk-maya-marshak/","a-tiny-seed_20180405_page13","/image/257.jpg",JPG
258,image/jpeg,CREATIVE_COMMONS_CC_BY,"https://bookdash.org/books/a-tiny-seed-by-nicola-rijsdijk-maya-marshak/","a-tiny-seed_20180405_page14","/image/258.jpg",JPG
259,image/jpeg,CREATIVE_COMMONS_CC_BY,"https://bookdash.org/books/a-tiny-seed-by-nicola-rijsdijk-maya-marshak/","a-tiny-seed_20180405_page15","/image/259.jpg",JPG
260,image/jpeg,CREATIVE_COMMONS_CC_BY,"https://bookdash.org/books/a-tiny-seed-by-nicola-rijsdijk-maya-marshak/","a-tiny-seed_20180405_page17","/image/260.jpg",JPG
261,image/jpg,,,"storybook-20-cover","/image/261.jpg",JPG
282,image/jpg,,,"storybook-21-cover","/image/282.jpg",JPG
263,image/jpg,,,"storybook-20-ch-2","/image/263.jpg",JPG
264,image/jpg,,,"storybook-20-ch-3","/image/264.jpg",JPG
265,image/jpg,,,"storybook-20-ch-4","/image/265.jpg",JPG
266,image/jpg,,,"storybook-20-ch-5","/image/266.jpg",JPG
267,image/jpg,,,"storybook-20-ch-6","/image/267.jpg",JPG
268,image/jpg,,,"storybook-20-ch-7","/image/268.jpg",JPG
269,image/jpg,,,"storybook-20-ch-8","/image/269.jpg",JPG
270,image/jpg,,,"storybook-20-ch-9","/image/270.jpg",JPG
271,image/jpg,,,"storybook-20-ch-10","/image/271.jpg",JPG
272,image/jpg,,,"storybook-20-ch-11","/image/272.jpg",JPG
273,image/jpg,,,"storybook-20-ch-12","/image/273.jpg",JPG
274,image/jpg,,,"storybook-20-ch-13","/image/274.jpg",JPG
275,image/jpg,,,"storybook-20-ch-14","/image/275.jpg",JPG
276,image/jpg,,,"storybook-20-ch-15","/image/276.jpg",JPG
277,image/jpg,,,"storybook-20-ch-16","/image/277.jpg",JPG
278,image/jpg,,,"storybook-20-ch-17","/image/278.jpg",JPG
279,image/jpg,,,"storybook-20-ch-18","/image/279.jpg",JPG
280,image/jpg,,,"storybook-20-ch-19","/image/280.jpg",JPG
281,image/jpg,,,"storybook-20-ch-20","/image/281.jpg",JPG
284,image/jpg,,,"storybook-21-ch-2","/image/284.jpg",JPG
285,image/jpg,,,"storybook-21-ch-3","/image/285.jpg",JPG
286,image/jpg,,,"storybook-21-ch-4","/image/286.jpg",JPG
287,image/jpg,,,"storybook-21-ch-5","/image/287.jpg",JPG
288,image/jpg,,,"storybook-21-ch-6","/image/288.jpg",JPG
289,image/jpg,,,"storybook-21-ch-7","/image/289.jpg",JPG
290,image/jpg,,,"storybook-21-ch-8","/image/290.jpg",JPG
292,image/jpg,,,"storybook-22-cover","/image/292.jpg",JPG
365,image/jpg,,,"storybook-27-ch-14","/image/365.jpg",JPG
366,image/jpg,,,"storybook-27-ch-15","/image/366.jpg",JPG
335,image/jpg,,,"storybook-26-ch-2","/image/335.jpg",JPG
336,image/jpg,,,"storybook-26-ch-3","/image/336.jpg",JPG
337,image/jpg,,,"storybook-26-ch-4","/image/337.jpg",JPG
304,image/jpg,,,"storybook-23-cover","/image/304.jpg",JPG
332,image/jpg,,,"storybook-25-ch-6","/image/332.jpg",JPG
331,image/jpg,,,"storybook-25-ch-5","/image/331.jpg",JPG
329,image/jpg,,,"storybook-25-ch-3","/image/329.jpg",JPG
330,image/jpg,,,"storybook-25-ch-4","/image/330.jpg",JPG
325,image/jpg,,,"storybook-24-ch-9","/image/325.jpg",JPG
333,image/jpg,,,"storybook-26-cover","/image/333.jpg",JPG
328,image/jpg,,,"storybook-25-ch-2","/image/328.jpg",JPG
323,image/jpg,,,"storybook-24-ch-7","/image/323.jpg",JPG
324,image/jpg,,,"storybook-24-ch-8","/image/324.jpg",JPG
322,image/jpg,,,"storybook-24-ch-6","/image/322.jpg",JPG
320,image/jpg,,,"storybook-24-ch-4","/image/320.jpg",JPG
321,image/jpg,,,"storybook-24-ch-5","/image/321.jpg",JPG
316,image/jpg,,,"storybook-24-cover","/image/316.jpg",JPG
326,image/jpg,,,"storybook-25-cover","/image/326.jpg",JPG
318,image/jpg,,,"storybook-24-ch-2","/image/318.jpg",JPG
319,image/jpg,,,"storybook-24-ch-3","/image/319.jpg",JPG
338,image/jpg,,,"storybook-26-ch-5","/image/338.jpg",JPG
339,image/jpg,,,"storybook-26-ch-6","/image/339.jpg",JPG
340,image/jpg,,,"storybook-26-ch-7","/image/340.jpg",JPG
341,image/jpg,,,"storybook-26-ch-8","/image/341.jpg",JPG
342,image/jpg,,,"storybook-26-ch-9","/image/342.jpg",JPG
343,image/jpg,,,"storybook-26-ch-10","/image/343.jpg",JPG
344,image/jpg,,,"storybook-26-ch-11","/image/344.jpg",JPG
345,image/jpg,,,"storybook-26-ch-12","/image/345.jpg",JPG
306,image/jpg,,,"storybook-23-ch-2","/image/306.jpg",JPG
307,image/jpg,,,"storybook-23-ch-3","/image/307.jpg",JPG
308,image/jpg,,,"storybook-23-ch-4","/image/308.jpg",JPG
309,image/jpg,,,"storybook-23-ch-5","/image/309.jpg",JPG
310,image/jpg,,,"storybook-23-ch-6","/image/310.jpg",JPG
311,image/jpg,,,"storybook-23-ch-7","/image/311.jpg",JPG
312,image/jpg,,,"storybook-23-ch-8","/image/312.jpg",JPG
313,image/jpg,,,"storybook-23-ch-9","/image/313.jpg",JPG
314,image/jpg,,,"storybook-23-ch-10","/image/314.jpg",JPG
315,image/jpg,,,"storybook-23-ch-11","/image/315.jpg",JPG
346,image/jpg,,,"storybook-26-ch-13","/image/346.jpg",JPG
347,image/jpg,,,"storybook-26-ch-14","/image/347.jpg",JPG
348,image/jpg,,,"storybook-26-ch-15","/image/348.jpg",JPG
349,image/jpg,,,"storybook-26-ch-16","/image/349.jpg",JPG
350,image/jpg,,,"storybook-26-ch-17","/image/350.jpg",JPG
367,image/jpg,,,"storybook-27-ch-16","/image/367.jpg",JPG
368,image/jpg,,,"storybook-27-ch-17","/image/368.jpg",JPG
369,image/jpg,,,"storybook-27-ch-18","/image/369.jpg",JPG
370,image/jpg,,,"storybook-27-ch-20","/image/370.jpg",JPG
380,image/jpeg,CREATIVE_COMMONS_CC_BY,"https://storyweaver.org.in/stories/212728-when-i-grow-up","xa_ndikhula_image_10","/image/380.jpg",JPG
381,image/jpeg,CREATIVE_COMMONS_CC_BY,"https://storyweaver.org.in/stories/212728-when-i-grow-up","xa_ndikhula_image_11","/image/381.jpg",JPG
382,image/jpeg,CREATIVE_COMMONS_CC_BY,"https://storyweaver.org.in/stories/212728-when-i-grow-up","xa_ndikhula_image_12","/image/382.jpg",JPG
