id,content_type,content_license,attribution_url,title,cid,download_url,image_format
1,image/gif,,,dinosaur,QmVPa2dQ9FcQxd3Sb5JAhHLQEpLNNiBRxvDtkdmiqFucag,https://black-historic-wren-832.mypinata.cloud/ipfs/QmVPa2dQ9FcQxd3Sb5JAhHLQEpLNNiBRxvDtkdmiqFucag?img-width=640,GIF
2,image/jpeg,CREATIVE_COMMONS_CC_BY,http://eng.elimu.ai,giraffs,QmXNiEKgpK5dnpRPcuXS9jFNpNgAiffjggqLxNw4HoeoZv,https://black-historic-wren-832.mypinata.cloud/ipfs/QmXNiEKgpK5dnpRPcuXS9jFNpNgAiffjggqLxNw4HoeoZv?img-width=640,JPG
3,image/gif,,,sheep,QmY8pVKvmThyVvmsnur8e4jspSBLJ17eqZajfdon6HjLZ7,https://black-historic-wren-832.mypinata.cloud/ipfs/QmY8pVKvmThyVvmsnur8e4jspSBLJ17eqZajfdon6HjLZ7?img-width=640,GIF
4,image/gif,,,balance,QmQHP5UutCCkuhdNyxpB4Sb3MaZoU2RddVK1QtosaJ9ZtQ,https://black-historic-wren-832.mypinata.cloud/ipfs/QmQHP5UutCCkuhdNyxpB4Sb3MaZoU2RddVK1QtosaJ9ZtQ?img-width=640,GIF
9,image/jpeg,CREATIVE_COMMONS_CC_BY,https://pixabay.com/en/happy-face-smiley-flashing-v-35164/,happy,Qmaf2HXNfgTYfzSjoCetzapCyBhLAyvpoJtN5CSXZqpcGg,https://black-historic-wren-832.mypinata.cloud/ipfs/Qmaf2HXNfgTYfzSjoCetzapCyBhLAyvpoJtN5CSXZqpcGg?img-width=640,JPG
10,image/jpeg,CREATIVE_COMMONS_CC_BY,https://pixabay.com/en/girl-playing-football-kid-child-28822/,football,QmSXpYRNHaE2Q8PKztzR1CxxiJfJNqwA81sQh7t6TpWdCu,https://black-historic-wren-832.mypinata.cloud/ipfs/QmSXpYRNHaE2Q8PKztzR1CxxiJfJNqwA81sQh7t6TpWdCu?img-width=640,JPG
11,image/jpeg,CREATIVE_COMMONS_CC_BY,https://pixabay.com/en/grass-sheep-stand-watch-cartoon-305771/,sheep2,QmYhcjYzQTKie7hg8WGtjdHtTv8aV9EpP8Xy15w46rg5Ms,https://black-historic-wren-832.mypinata.cloud/ipfs/QmYhcjYzQTKie7hg8WGtjdHtTv8aV9EpP8Xy15w46rg5Ms?img-width=640,JPG
12,image/png,BSD_2_CLAUSE,https://github.com/Norad-Eduapp4syria/Norad-Eduapp4syria,fish,QmQC1WgfhWiRPzgmekoJkjLBYeUuRNcL1fAFM4U7pLbzK5,https://black-historic-wren-832.mypinata.cloud/ipfs/QmQC1WgfhWiRPzgmekoJkjLBYeUuRNcL1fAFM4U7pLbzK5?img-width=640,PNG
13,image/jpeg,CREATIVE_COMMONS_CC_BY,https://pixabay.com/en/head-hammer-tool-carpentry-wood-308068/,hammer,QmaMPzRurWGDomny5UUFE2raBzxXDNah7hSmkwsoCQETkc,https://black-historic-wren-832.mypinata.cloud/ipfs/QmaMPzRurWGDomny5UUFE2raBzxXDNah7hSmkwsoCQETkc?img-width=640,JPG
14,image/png,CREATIVE_COMMONS_CC_BY_SA,https://upload.wikimedia.org/wikipedia/commons/thumb/6/6b/Fedora_hat.svg/2000px-Fedora_hat.svg.png,hat,QmcRcYeDvbQrqC7k4ibHLbckY5Z1t9S2kr9Ne76M1abA65,https://black-historic-wren-832.mypinata.cloud/ipfs/QmcRcYeDvbQrqC7k4ibHLbckY5Z1t9S2kr9Ne76M1abA65?img-width=640,PNG
15,image/jpeg,CREATIVE_COMMONS_CC_BY_SA,https://hif.wikipedia.org/wiki/file:Fiji_Crested_Iguana444.jpg,iguana,QmfJyWgmnQKDuFmByhWcSuRz8MDKkvrCFNWywmP9ifK8sG,https://black-historic-wren-832.mypinata.cloud/ipfs/QmfJyWgmnQKDuFmByhWcSuRz8MDKkvrCFNWywmP9ifK8sG?img-width=640,JPG
16,image/jpeg,CREATIVE_COMMONS_CC_BY_SA,https://cdn.pixabay.com/photo/2014/12/21/23/50/jar-576168_960_720.png,jar,QmUEbr1WaSEwWqrT58rxCi6aJAz6aygUjRXwss9ykRhCwL,https://black-historic-wren-832.mypinata.cloud/ipfs/QmUEbr1WaSEwWqrT58rxCi6aJAz6aygUjRXwss9ykRhCwL?img-width=640,JPG
17,image/png,CREATIVE_COMMONS_CC_BY_SA,https://pixabay.com/en/ice-cream-cone-mint-chocolate-chip-308972/,ice cream,QmWw6nRYXCpCcR3tKFsijPCcRFvyhgUMbzdzK6zdyhXnMj,https://black-historic-wren-832.mypinata.cloud/ipfs/QmWw6nRYXCpCcR3tKFsijPCcRFvyhgUMbzdzK6zdyhXnMj?img-width=640,PNG
18,image/jpeg,CREATIVE_COMMONS_CC_BY,https://pixabay.com/en/key-lock-open-admin-security-148813/,key,QmaXnerH4EiN4iaRo4Tg819fxzTcctCxzwq2ogHsH6F4AZ,https://black-historic-wren-832.mypinata.cloud/ipfs/QmaXnerH4EiN4iaRo4Tg819fxzTcctCxzwq2ogHsH6F4AZ?img-width=640,JPG
19,image/jpeg,CREATIVE_COMMONS_CC_BY,https://commons.wikimedia.org/wiki/File:Kitten_stuck_on_top_of_a_tree_trunk.jpg,"kitten ",QmWnQwzxaJ1YUDV1CsMK2kpbXRYSLAfLTE831Rdw4q8g3v,https://black-historic-wren-832.mypinata.cloud/ipfs/QmWnQwzxaJ1YUDV1CsMK2kpbXRYSLAfLTE831Rdw4q8g3v?img-width=640,JPG
20,image/png,CREATIVE_COMMONS_CC_BY,https://pixabay.com/en/bed-hospital-medical-health-311372/,bed,QmPLkmtF9LwUHND76TZXgSg4jkiYjvaT1jGrcUcscfVxNE,https://black-historic-wren-832.mypinata.cloud/ipfs/QmPLkmtF9LwUHND76TZXgSg4jkiYjvaT1jGrcUcscfVxNE?img-width=640,PNG
21,image/jpeg,CREATIVE_COMMONS_CC_BY_SA,https://pixabay.com/en/house-architecture-design-field-163526/,house,Qmavs8h2K643SiCdumJbV5ujAai53x9MeWeqrb22omR2xz,https://black-historic-wren-832.mypinata.cloud/ipfs/Qmavs8h2K643SiCdumJbV5ujAai53x9MeWeqrb22omR2xz?img-width=640,JPG
22,image/jpeg,CREATIVE_COMMONS_CC_BY_SA,https://commons.wikimedia.org/wiki/Commons:Photo_challenge/2014_-_September-October_-_Big_and_small#/media/File:Big_%26_Small_Pumkins.JPG,big,QmaiMiuZgFgKTfCBzHM429tbhLSJjqRteGBYcuLmZkYmkn,https://black-historic-wren-832.mypinata.cloud/ipfs/QmaiMiuZgFgKTfCBzHM429tbhLSJjqRteGBYcuLmZkYmkn?img-width=640,JPG
23,image/jpeg,CREATIVE_COMMONS_CC_BY_SA,https://pixabay.com/en/cow-bell-horns-nasty-spots-48431/,cow,QmQGcJiyPxYNf67jzrg5mv6gGF8PrzHLTTqz2C3WbqNa4N,https://black-historic-wren-832.mypinata.cloud/ipfs/QmQGcJiyPxYNf67jzrg5mv6gGF8PrzHLTTqz2C3WbqNa4N?img-width=640,JPG
24,image/png,CREATIVE_COMMONS_CC_BY_SA,https://pixabay.com/en/car-subaru-rex-vehicle-150988/,car,QmSX2RfmybXJtsobAdyFcSiQwESUFW5N4GMGYpCaJFw5Zi,https://black-historic-wren-832.mypinata.cloud/ipfs/QmSX2RfmybXJtsobAdyFcSiQwESUFW5N4GMGYpCaJFw5Zi?img-width=640,PNG
25,image/jpeg,CREATIVE_COMMONS_CC_BY_SA,https://pixabay.com/en/lemon-lime-citron-sour-fruit-150000/,lemon,QmdfDM5k4ANMWwRVQDmDPR9uRM5KToKGELD6JSD6J6JNSa,https://black-historic-wren-832.mypinata.cloud/ipfs/QmdfDM5k4ANMWwRVQDmDPR9uRM5KToKGELD6JSD6J6JNSa?img-width=640,JPG
26,image/jpeg,CREATIVE_COMMONS_CC_BY_SA,https://commons.wikimedia.org/wiki/File:Music_01754.jpg,music,QmVkjseC5WXKUUQq7Q9m6kyYWtEaE764ENtmnayC78nNhS,https://black-historic-wren-832.mypinata.cloud/ipfs/QmVkjseC5WXKUUQq7Q9m6kyYWtEaE764ENtmnayC78nNhS?img-width=640,JPG
27,image/jpeg,CREATIVE_COMMONS_CC_BY_SA,https://commons.wikimedia.org/wiki/File:Door.png,door,QmdHSr91GvfCvVWn2npZck33DPjRLvb17QRpcj4LpEjWve,https://black-historic-wren-832.mypinata.cloud/ipfs/QmdHSr91GvfCvVWn2npZck33DPjRLvb17QRpcj4LpEjWve?img-width=640,JPG
28,image/jpeg,CREATIVE_COMMONS_CC_BY_SA,https://pixabay.com/en/jug-ears-elephant-dumbo-ears-grey-304819/,ear,QmXnGcyPuF8Y7yGPxLonqijookiLGRfFXLjkmriUVrokvN,https://black-historic-wren-832.mypinata.cloud/ipfs/QmXnGcyPuF8Y7yGPxLonqijookiLGRfFXLjkmriUVrokvN?img-width=640,JPG
29,image/jpeg,CREATIVE_COMMONS_CC_BY_SA,https://pixabay.com/en/owl-weird-bird-nocturnal-pupil-155504/,owl,QmfS1W92ghfECGXPrWe7catWPiojuQ83YeSzuGSodRvSGD,https://black-historic-wren-832.mypinata.cloud/ipfs/QmfS1W92ghfECGXPrWe7catWPiojuQ83YeSzuGSodRvSGD?img-width=640,JPG
30,image/jpeg,CREATIVE_COMMONS_CC_BY_SA,https://pixabay.com/en/bananas-sleep-couple-1715372/,banana,Qmd8miQNwdmitxWhJWgPwCiab1n29P5sX2mtg8Ej65tqgN,https://black-historic-wren-832.mypinata.cloud/ipfs/Qmd8miQNwdmitxWhJWgPwCiab1n29P5sX2mtg8Ej65tqgN?img-width=640,JPG
31,image/jpeg,CREATIVE_COMMONS_CC_BY_SA,https://pixabay.com/en/apple-red-ribbon-smile-comic-307120/,apple,QmWPoZQFpKeJLUypEMgLuhT4iTixAhmqjWhE6crJXuHA46,https://black-historic-wren-832.mypinata.cloud/ipfs/QmWPoZQFpKeJLUypEMgLuhT4iTixAhmqjWhE6crJXuHA46?img-width=640,JPG
32,image/jpeg,CREATIVE_COMMONS_CC_BY_SA,https://pixabay.com/en/linux-tux-administrator-animal-154544/,computer,QmS2PSuyR41omLssk2rovXwab7mJW5w664TsnciTnDL69F,https://black-historic-wren-832.mypinata.cloud/ipfs/QmS2PSuyR41omLssk2rovXwab7mJW5w664TsnciTnDL69F?img-width=640,JPG
33,image/jpeg,CREATIVE_COMMONS_CC_BY_SA,https://commons.wikimedia.org/wiki/User:Didym/Mobile_upload/2014_January_17-21#/media/File:Rubber_Duck_in_Parramatta_Park.jpg,duck,QmaPAhiyEGNbHk4ijX6s76x34LLe8qxy5XWtFjRhQdhyWc,https://black-historic-wren-832.mypinata.cloud/ipfs/QmaPAhiyEGNbHk4ijX6s76x34LLe8qxy5XWtFjRhQdhyWc?img-width=640,JPG
34,image/jpeg,CREATIVE_COMMONS_CC_BY_SA,https://pixabay.com/en/owl-animal-bird-funny-family-158418/,family,QmVfa43QA9i7PEUyfNGbXCmfPowoJPhuFisTY5rmen8UnP,https://black-historic-wren-832.mypinata.cloud/ipfs/QmVfa43QA9i7PEUyfNGbXCmfPowoJPhuFisTY5rmen8UnP?img-width=640,JPG
48,image/jpeg,CREATIVE_COMMONS_CC_BY_SA,https://pixabay.com/en/tree-green-stem-crown-nature-305234/,tree,QmWBWWzryvHmA3yGg8PrPggu3TU19BaBTJuYzYUttrEYDM,https://black-historic-wren-832.mypinata.cloud/ipfs/QmWBWWzryvHmA3yGg8PrPggu3TU19BaBTJuYzYUttrEYDM?img-width=640,JPG
49,image/png,BSD_2_CLAUSE,https://github.com/Norad-Eduapp4syria/Norad-Eduapp4syria,ant,QmaWaHNHPG6wUBymzd6WVnRN9bFYJL4A3GaSar7KS5rYx6,https://black-historic-wren-832.mypinata.cloud/ipfs/QmaWaHNHPG6wUBymzd6WVnRN9bFYJL4A3GaSar7KS5rYx6?img-width=640,PNG
50,image/png,BSD_2_CLAUSE,https://github.com/Norad-Eduapp4syria/Norad-Eduapp4syria,arm,QmXiCix7MAmwSQgjKqFjr3Vn9YpL9BjMZ2D7fB4vpab2xf,https://black-historic-wren-832.mypinata.cloud/ipfs/QmXiCix7MAmwSQgjKqFjr3Vn9YpL9BjMZ2D7fB4vpab2xf?img-width=640,PNG
51,image/png,BSD_2_CLAUSE,https://github.com/Norad-Eduapp4syria/Norad-Eduapp4syria,bad,QmQZKfoTVGWxMmLDby7UCXXpcnuepye9VW68R2xHzXEFWQ,https://black-historic-wren-832.mypinata.cloud/ipfs/QmQZKfoTVGWxMmLDby7UCXXpcnuepye9VW68R2xHzXEFWQ?img-width=640,PNG
52,image/png,BSD_2_CLAUSE,https://github.com/Norad-Eduapp4syria/Norad-Eduapp4syria,bag,QmVFhgntfHtYCH8rCmTW3DRGT3YwZ7XG9DJQiMgJMzyZKN,https://black-historic-wren-832.mypinata.cloud/ipfs/QmVFhgntfHtYCH8rCmTW3DRGT3YwZ7XG9DJQiMgJMzyZKN?img-width=640,PNG
53,image/png,BSD_2_CLAUSE,https://github.com/Norad-Eduapp4syria/Norad-Eduapp4syria,bat,QmW6bTdwqanxctSLey6ytHWxmBviaLKpzMSPjBfb4ZDBbQ,https://black-historic-wren-832.mypinata.cloud/ipfs/QmW6bTdwqanxctSLey6ytHWxmBviaLKpzMSPjBfb4ZDBbQ?img-width=640,PNG
54,image/png,BSD_2_CLAUSE,https://github.com/Norad-Eduapp4syria/Norad-Eduapp4syria,bee,QmcoAVt5ikfU74Tgm13Z1ZrKY2jeAy6yEoSa9ERvR1bCyj,https://black-historic-wren-832.mypinata.cloud/ipfs/QmcoAVt5ikfU74Tgm13Z1ZrKY2jeAy6yEoSa9ERvR1bCyj?img-width=640,PNG
55,image/png,BSD_2_CLAUSE,https://github.com/Norad-Eduapp4syria/Norad-Eduapp4syria,blue,QmfUu52qHcmH4jj694mYyeVvHfnxXJbggiTf97KjLcG5vQ,https://black-historic-wren-832.mypinata.cloud/ipfs/QmfUu52qHcmH4jj694mYyeVvHfnxXJbggiTf97KjLcG5vQ?img-width=640,PNG
56,image/png,BSD_2_CLAUSE,https://github.com/Norad-Eduapp4syria/Norad-Eduapp4syria,boat,QmdUCaLfpybWAuZ6e55yTzSdvtXkg5UP4aTYURHob4SstV,https://black-historic-wren-832.mypinata.cloud/ipfs/QmdUCaLfpybWAuZ6e55yTzSdvtXkg5UP4aTYURHob4SstV?img-width=640,PNG
57,image/png,BSD_2_CLAUSE,https://github.com/Norad-Eduapp4syria/Norad-Eduapp4syria,boil,Qmar47FyCNhBZwDEKxFoDLvVw9f4nwa3NYjBUrCg5EYWRJ,https://black-historic-wren-832.mypinata.cloud/ipfs/Qmar47FyCNhBZwDEKxFoDLvVw9f4nwa3NYjBUrCg5EYWRJ?img-width=640,PNG
58,image/png,BSD_2_CLAUSE,https://github.com/Norad-Eduapp4syria/Norad-Eduapp4syria,book,QmWgzdKhEP3msEkGsVGU8zfDuj7dfvumekiUKQUot64pGF,https://black-historic-wren-832.mypinata.cloud/ipfs/QmWgzdKhEP3msEkGsVGU8zfDuj7dfvumekiUKQUot64pGF?img-width=640,PNG
59,image/png,BSD_2_CLAUSE,https://github.com/Norad-Eduapp4syria/Norad-Eduapp4syria,box,QmdRoX9ttjhK8MdT9KaHUBd4sjnwWf3eEfyrRYSToBe5Mb,https://black-historic-wren-832.mypinata.cloud/ipfs/QmdRoX9ttjhK8MdT9KaHUBd4sjnwWf3eEfyrRYSToBe5Mb?img-width=640,PNG
60,image/png,BSD_2_CLAUSE,https://github.com/Norad-Eduapp4syria/Norad-Eduapp4syria,cap,QmUcAtxXKUVZXgT7BLnuU4bnCqdLpse9AJkDsfKGqfja55,https://black-historic-wren-832.mypinata.cloud/ipfs/QmUcAtxXKUVZXgT7BLnuU4bnCqdLpse9AJkDsfKGqfja55?img-width=640,PNG
61,image/png,BSD_2_CLAUSE,https://github.com/Norad-Eduapp4syria/Norad-Eduapp4syria,cat,QmRHavxduMDZhuY3T4DwsNPJhVxsf5AqX3wN2qamstjX79,https://black-historic-wren-832.mypinata.cloud/ipfs/QmRHavxduMDZhuY3T4DwsNPJhVxsf5AqX3wN2qamstjX79?img-width=640,PNG
62,image/png,BSD_2_CLAUSE,https://github.com/Norad-Eduapp4syria/Norad-Eduapp4syria,chick,QmSqbeqGDBvtQ84ZKhrZktJG6RaLHkZ1DAJhhkAxecNLaa,https://black-historic-wren-832.mypinata.cloud/ipfs/QmSqbeqGDBvtQ84ZKhrZktJG6RaLHkZ1DAJhhkAxecNLaa?img-width=640,PNG
63,image/png,BSD_2_CLAUSE,https://github.com/Norad-Eduapp4syria/Norad-Eduapp4syria,chin,QmUH6G2HUThDLPmHFqtyFZXqoFemFBhUq1U1LbFGa6fYEr,https://black-historic-wren-832.mypinata.cloud/ipfs/QmUH6G2HUThDLPmHFqtyFZXqoFemFBhUq1U1LbFGa6fYEr?img-width=640,PNG
64,image/png,BSD_2_CLAUSE,https://github.com/Norad-Eduapp4syria/Norad-Eduapp4syria,cliff,QmUgQXgRBZfd1shvLvWj6u2dxT3NRu5t4Vy3FaczA2jt8U,https://black-historic-wren-832.mypinata.cloud/ipfs/QmUgQXgRBZfd1shvLvWj6u2dxT3NRu5t4Vy3FaczA2jt8U?img-width=640,PNG
65,image/png,BSD_2_CLAUSE,https://github.com/Norad-Eduapp4syria/Norad-Eduapp4syria,cloth,QmUx8R3mAshxhcPdHdMrMyBysY3pUuyN4eoQT6g1xsChFk,https://black-historic-wren-832.mypinata.cloud/ipfs/QmUx8R3mAshxhcPdHdMrMyBysY3pUuyN4eoQT6g1xsChFk?img-width=640,PNG
66,image/png,BSD_2_CLAUSE,https://github.com/Norad-Eduapp4syria/Norad-Eduapp4syria,clue,QmVZLDXwtXA4NP8aMB2sTFMg8SyPyNjfrGTad73b4hZh3y,https://black-historic-wren-832.mypinata.cloud/ipfs/QmVZLDXwtXA4NP8aMB2sTFMg8SyPyNjfrGTad73b4hZh3y?img-width=640,PNG
67,image/png,BSD_2_CLAUSE,https://github.com/Norad-Eduapp4syria/Norad-Eduapp4syria,coin,QmTzeQnjR8RBZ6NMmNVxjEdpLrQecNkfxwWce7xKmpmfie,https://black-historic-wren-832.mypinata.cloud/ipfs/QmTzeQnjR8RBZ6NMmNVxjEdpLrQecNkfxwWce7xKmpmfie?img-width=640,PNG
68,image/png,BSD_2_CLAUSE,https://github.com/Norad-Eduapp4syria/Norad-Eduapp4syria,cook,QmStyzKSpGLCdLtc3RHjntxPduX5wWSdE8jHW59UgNQ3Zi,https://black-historic-wren-832.mypinata.cloud/ipfs/QmStyzKSpGLCdLtc3RHjntxPduX5wWSdE8jHW59UgNQ3Zi?img-width=640,PNG
69,image/png,BSD_2_CLAUSE,https://github.com/Norad-Eduapp4syria/Norad-Eduapp4syria,cool,QmRXA4eqPBVJRzVsX2tCts7KcXiYiW69m56ekwr17pXz4u,https://black-historic-wren-832.mypinata.cloud/ipfs/QmRXA4eqPBVJRzVsX2tCts7KcXiYiW69m56ekwr17pXz4u?img-width=640,PNG
70,image/png,BSD_2_CLAUSE,https://github.com/Norad-Eduapp4syria/Norad-Eduapp4syria,corn,QmcY6p91ME6fqZqHibAYYwdzbkxrYRX6qduSm2kv1g7GUP,https://black-historic-wren-832.mypinata.cloud/ipfs/QmcY6p91ME6fqZqHibAYYwdzbkxrYRX6qduSm2kv1g7GUP?img-width=640,PNG
71,image/png,BSD_2_CLAUSE,https://github.com/Norad-Eduapp4syria/Norad-Eduapp4syria,cup,QmVMApfWfDAUcW3nWL1UhThppG4UtgJieZGGirnAgat2Fp,https://black-historic-wren-832.mypinata.cloud/ipfs/QmVMApfWfDAUcW3nWL1UhThppG4UtgJieZGGirnAgat2Fp?img-width=640,PNG
72,image/png,BSD_2_CLAUSE,https://github.com/Norad-Eduapp4syria/Norad-Eduapp4syria,dad,QmYJp1YaTMZocUqdgQPKPAr6tsasfPLkg681YDysSKcVBm,https://black-historic-wren-832.mypinata.cloud/ipfs/QmYJp1YaTMZocUqdgQPKPAr6tsasfPLkg681YDysSKcVBm?img-width=640,PNG
73,image/png,BSD_2_CLAUSE,https://github.com/Norad-Eduapp4syria/Norad-Eduapp4syria,day,QmTbC9DstEhePBCNdwFCtJtn3feUesFQszwMb2zGE4gp4R,https://black-historic-wren-832.mypinata.cloud/ipfs/QmTbC9DstEhePBCNdwFCtJtn3feUesFQszwMb2zGE4gp4R?img-width=640,PNG
74,image/png,BSD_2_CLAUSE,https://github.com/Norad-Eduapp4syria/Norad-Eduapp4syria,desk,QmXX7AN5ckcdce1aoBgeuethKGAfqyfKEENQ7AH3BDYeC3,https://black-historic-wren-832.mypinata.cloud/ipfs/QmXX7AN5ckcdce1aoBgeuethKGAfqyfKEENQ7AH3BDYeC3?img-width=640,PNG
75,image/png,BSD_2_CLAUSE,https://github.com/Norad-Eduapp4syria/Norad-Eduapp4syria,die,QmWZP4LUEqKU3rf5wdD53VTrM3sBdPuz8N2gTrqUcWGXDy,https://black-historic-wren-832.mypinata.cloud/ipfs/QmWZP4LUEqKU3rf5wdD53VTrM3sBdPuz8N2gTrqUcWGXDy?img-width=640,PNG
76,image/png,BSD_2_CLAUSE,https://github.com/Norad-Eduapp4syria/Norad-Eduapp4syria,dig,QmQAmdgekETnpBuTR8TucXccA97NG9t8qgAa5bLYLhrssH,https://black-historic-wren-832.mypinata.cloud/ipfs/QmQAmdgekETnpBuTR8TucXccA97NG9t8qgAa5bLYLhrssH?img-width=640,PNG
77,image/png,BSD_2_CLAUSE,https://github.com/Norad-Eduapp4syria/Norad-Eduapp4syria,dish,QmT7qqNcsQSxeFXWfEEp5EnnCKnM6wViC8d9Jav1Ay5c8x,https://black-historic-wren-832.mypinata.cloud/ipfs/QmT7qqNcsQSxeFXWfEEp5EnnCKnM6wViC8d9Jav1Ay5c8x?img-width=640,PNG
78,image/png,BSD_2_CLAUSE,https://github.com/Norad-Eduapp4syria/Norad-Eduapp4syria,dog,QmXz5dYqyrd5CDyYxkZgscckT5ABhRRYt2dvoq6NA5z3n6,https://black-historic-wren-832.mypinata.cloud/ipfs/QmXz5dYqyrd5CDyYxkZgscckT5ABhRRYt2dvoq6NA5z3n6?img-width=640,PNG
79,image/png,BSD_2_CLAUSE,https://github.com/Norad-Eduapp4syria/Norad-Eduapp4syria,doll,QmX6ZD63K3maDqhYJShSg2vfLuxHLcSbv9ChJdmDZeYrbe,https://black-historic-wren-832.mypinata.cloud/ipfs/QmX6ZD63K3maDqhYJShSg2vfLuxHLcSbv9ChJdmDZeYrbe?img-width=640,PNG
80,image/png,BSD_2_CLAUSE,https://github.com/Norad-Eduapp4syria/Norad-Eduapp4syria,fan,QmPPau7P89RBQhVuaGxs54N3GJWtkjXU4CNM9urWue7STH,https://black-historic-wren-832.mypinata.cloud/ipfs/QmPPau7P89RBQhVuaGxs54N3GJWtkjXU4CNM9urWue7STH?img-width=640,PNG
81,image/png,BSD_2_CLAUSE,https://github.com/Norad-Eduapp4syria/Norad-Eduapp4syria,far,QmPft45FCQ2vTBnCbX3ceeBnyBFJm9phNa65Ykq1F5SsBX,https://black-historic-wren-832.mypinata.cloud/ipfs/QmPft45FCQ2vTBnCbX3ceeBnyBFJm9phNa65Ykq1F5SsBX?img-width=640,PNG
82,image/png,BSD_2_CLAUSE,https://github.com/Norad-Eduapp4syria/Norad-Eduapp4syria,fat,QmYAY12LHguiY7JXVawZmHPjYcTDdgDU12Lg5TGuAYGjYU,https://black-historic-wren-832.mypinata.cloud/ipfs/QmYAY12LHguiY7JXVawZmHPjYcTDdgDU12Lg5TGuAYGjYU?img-width=640,PNG
83,image/png,BSD_2_CLAUSE,https://github.com/Norad-Eduapp4syria/Norad-Eduapp4syria,feet,QmWcwhWgCD96tiNmhB6V53AUNwMBBDQFWvSDv2aLCvJMN4,https://black-historic-wren-832.mypinata.cloud/ipfs/QmWcwhWgCD96tiNmhB6V53AUNwMBBDQFWvSDv2aLCvJMN4?img-width=640,PNG
84,image/png,BSD_2_CLAUSE,https://github.com/Norad-Eduapp4syria/Norad-Eduapp4syria,fix,Qmb5yw8t7ABPBH7ky7v51NXJdSkvyEzjSTUvpBH4jfedcH,https://black-historic-wren-832.mypinata.cloud/ipfs/Qmb5yw8t7ABPBH7ky7v51NXJdSkvyEzjSTUvpBH4jfedcH?img-width=640,PNG
85,image/png,BSD_2_CLAUSE,https://github.com/Norad-Eduapp4syria/Norad-Eduapp4syria,fizz,QmTiaCNuGEBmJSzz3kgg6cANEKXf7XZrx4ect7CpqHdqYc,https://black-historic-wren-832.mypinata.cloud/ipfs/QmTiaCNuGEBmJSzz3kgg6cANEKXf7XZrx4ect7CpqHdqYc?img-width=640,PNG
86,image/png,BSD_2_CLAUSE,https://github.com/Norad-Eduapp4syria/Norad-Eduapp4syria,fluff,QmQUbsm8oN43S3yXjt2h7ptVJDMf4xgEmi1LAzXUJqA169,https://black-historic-wren-832.mypinata.cloud/ipfs/QmQUbsm8oN43S3yXjt2h7ptVJDMf4xgEmi1LAzXUJqA169?img-width=640,PNG
87,image/png,BSD_2_CLAUSE,https://github.com/Norad-Eduapp4syria/Norad-Eduapp4syria,fog,QmcMHMQgdSLxn5MkcbrxjUdVJ2L49LE4qoHQyPqeKoAETx,https://black-historic-wren-832.mypinata.cloud/ipfs/QmcMHMQgdSLxn5MkcbrxjUdVJ2L49LE4qoHQyPqeKoAETx?img-width=640,PNG
88,image/png,BSD_2_CLAUSE,https://github.com/Norad-Eduapp4syria/Norad-Eduapp4syria,foot,QmUm14Za7DsjZeLyxV4pqoNKxoqs21N9KwDWn4vxZbFkir,https://black-historic-wren-832.mypinata.cloud/ipfs/QmUm14Za7DsjZeLyxV4pqoNKxoqs21N9KwDWn4vxZbFkir?img-width=640,PNG
89,image/png,BSD_2_CLAUSE,https://github.com/Norad-Eduapp4syria/Norad-Eduapp4syria,fork,Qmb3Vt4e6cKAeWqRwaQ78hGAy9cG3fSEdbhaAujd2nTLPp,https://black-historic-wren-832.mypinata.cloud/ipfs/Qmb3Vt4e6cKAeWqRwaQ78hGAy9cG3fSEdbhaAujd2nTLPp?img-width=640,PNG
90,image/png,BSD_2_CLAUSE,https://github.com/Norad-Eduapp4syria/Norad-Eduapp4syria,four,QmZWgS6bMig33EzHEKuWLfdyYbfzcQpeJJoKgYfZ8qtCyF,https://black-historic-wren-832.mypinata.cloud/ipfs/QmZWgS6bMig33EzHEKuWLfdyYbfzcQpeJJoKgYfZ8qtCyF?img-width=640,PNG
91,image/png,BSD_2_CLAUSE,https://github.com/Norad-Eduapp4syria/Norad-Eduapp4syria,fox,QmXdcSBTj5FBbzbDkcxMeSRayN227iP3TxhGTgYPJBykmM,https://black-historic-wren-832.mypinata.cloud/ipfs/QmXdcSBTj5FBbzbDkcxMeSRayN227iP3TxhGTgYPJBykmM?img-width=640,PNG
92,image/png,BSD_2_CLAUSE,https://github.com/Norad-Eduapp4syria/Norad-Eduapp4syria,frog,QmbhiEwGAKVWfyJBadWgSDs43eUDUEWrTnNzWa2BXaATnp,https://black-historic-wren-832.mypinata.cloud/ipfs/QmbhiEwGAKVWfyJBadWgSDs43eUDUEWrTnNzWa2BXaATnp?img-width=640,PNG
93,image/png,BSD_2_CLAUSE,https://github.com/Norad-Eduapp4syria/Norad-Eduapp4syria,fuel,QmeMQiMxz4LCXAKz9sHyBNhKWYpvWTx8AJRh58yfgiVLZ7,https://black-historic-wren-832.mypinata.cloud/ipfs/QmeMQiMxz4LCXAKz9sHyBNhKWYpvWTx8AJRh58yfgiVLZ7?img-width=640,PNG
94,image/png,BSD_2_CLAUSE,https://github.com/Norad-Eduapp4syria/Norad-Eduapp4syria,fun,QmWeCXhqqXo5cArtpTPG4s331faygtRdJRxowNWdAbwKjH,https://black-historic-wren-832.mypinata.cloud/ipfs/QmWeCXhqqXo5cArtpTPG4s331faygtRdJRxowNWdAbwKjH?img-width=640,PNG
95,image/png,BSD_2_CLAUSE,https://github.com/Norad-Eduapp4syria/Norad-Eduapp4syria,gas,QmQSswGv4FQC7knhsM6bCiSpQn7xMvZxtJcT4VNBg3Gpj2,https://black-historic-wren-832.mypinata.cloud/ipfs/QmQSswGv4FQC7knhsM6bCiSpQn7xMvZxtJcT4VNBg3Gpj2?img-width=640,PNG
96,image/png,BSD_2_CLAUSE,https://github.com/Norad-Eduapp4syria/Norad-Eduapp4syria,glue,QmXEpnQWKU2rLHTD6KgTcbXfMo4f9Tmask1QQ7CTUNegwg,https://black-historic-wren-832.mypinata.cloud/ipfs/QmXEpnQWKU2rLHTD6KgTcbXfMo4f9Tmask1QQ7CTUNegwg?img-width=640,PNG
97,image/png,BSD_2_CLAUSE,https://github.com/Norad-Eduapp4syria/Norad-Eduapp4syria,goal,QmTVNrrP67i73E4yQna7WxcnQqkSDoXpEDHNTQvAaoSZAp,https://black-historic-wren-832.mypinata.cloud/ipfs/QmTVNrrP67i73E4yQna7WxcnQqkSDoXpEDHNTQvAaoSZAp?img-width=640,PNG
98,image/png,BSD_2_CLAUSE,https://github.com/Norad-Eduapp4syria/Norad-Eduapp4syria,goat,QmR1uuUMMGgWTD5rSmXj7kZRepTnDvb5bXxZ4bBsWRKJTh,https://black-historic-wren-832.mypinata.cloud/ipfs/QmR1uuUMMGgWTD5rSmXj7kZRepTnDvb5bXxZ4bBsWRKJTh?img-width=640,PNG
99,image/png,BSD_2_CLAUSE,https://github.com/Norad-Eduapp4syria/Norad-Eduapp4syria,good,QmaSrdSp4k7He8Wa7ksbmFrmuVuDEpjyyLhjLvtGuvccUV,https://black-historic-wren-832.mypinata.cloud/ipfs/QmaSrdSp4k7He8Wa7ksbmFrmuVuDEpjyyLhjLvtGuvccUV?img-width=640,PNG
100,image/png,BSD_2_CLAUSE,https://github.com/Norad-Eduapp4syria/Norad-Eduapp4syria,ham,Qme5aB3rj7Q8WmZJRCbWXVEy3PMN3swCG75Vi4GZ2iMepT,https://black-historic-wren-832.mypinata.cloud/ipfs/Qme5aB3rj7Q8WmZJRCbWXVEy3PMN3swCG75Vi4GZ2iMepT?img-width=640,PNG
101,image/png,BSD_2_CLAUSE,https://github.com/Norad-Eduapp4syria/Norad-Eduapp4syria,hard,QmWQ76Af7BavMURfNGXQrFWiFnFgh95nMzAs7dkm6JfxEo,https://black-historic-wren-832.mypinata.cloud/ipfs/QmWQ76Af7BavMURfNGXQrFWiFnFgh95nMzAs7dkm6JfxEo?img-width=640,PNG
102,image/png,BSD_2_CLAUSE,https://github.com/Norad-Eduapp4syria/Norad-Eduapp4syria,hen,QmNtYFG7vYiChtWXt2GPoHUeFbidxkkUYYgAbMtnSdwcbM,https://black-historic-wren-832.mypinata.cloud/ipfs/QmNtYFG7vYiChtWXt2GPoHUeFbidxkkUYYgAbMtnSdwcbM?img-width=640,PNG
103,image/png,BSD_2_CLAUSE,https://github.com/Norad-Eduapp4syria/Norad-Eduapp4syria,hill,QmWrrjYhZWYKaHot2KDMciZ1pFpd4r9WEpKjAJ6baXF6TW,https://black-historic-wren-832.mypinata.cloud/ipfs/QmWrrjYhZWYKaHot2KDMciZ1pFpd4r9WEpKjAJ6baXF6TW?img-width=640,PNG
104,image/png,BSD_2_CLAUSE,https://github.com/Norad-Eduapp4syria/Norad-Eduapp4syria,him,QmREwPtF9aLdakepknScMWDvxyyCVkvJho1pFwUPVPRUBq,https://black-historic-wren-832.mypinata.cloud/ipfs/QmREwPtF9aLdakepknScMWDvxyyCVkvJho1pFwUPVPRUBq?img-width=640,PNG
105,image/png,BSD_2_CLAUSE,https://github.com/Norad-Eduapp4syria/Norad-Eduapp4syria,hit,QmVqLCzGeMRSLfVXkTPGcq3TT11gUttYd4GJxWcrU4E472,https://black-historic-wren-832.mypinata.cloud/ipfs/QmVqLCzGeMRSLfVXkTPGcq3TT11gUttYd4GJxWcrU4E472?img-width=640,PNG
106,image/png,BSD_2_CLAUSE,https://github.com/Norad-Eduapp4syria/Norad-Eduapp4syria,hot,QmR8zwAvw2oAU6MrVphzBAaMLQiJAd9S1dCxhP8r4cHqcj,https://black-historic-wren-832.mypinata.cloud/ipfs/QmR8zwAvw2oAU6MrVphzBAaMLQiJAd9S1dCxhP8r4cHqcj?img-width=640,PNG
107,image/png,BSD_2_CLAUSE,https://github.com/Norad-Eduapp4syria/Norad-Eduapp4syria,hug,QmNtt6b7DsieywdbMQvqzqGCD4hpErMGwomcjcae7uH5dS,https://black-historic-wren-832.mypinata.cloud/ipfs/QmNtt6b7DsieywdbMQvqzqGCD4hpErMGwomcjcae7uH5dS?img-width=640,PNG
108,image/png,BSD_2_CLAUSE,https://github.com/Norad-Eduapp4syria/Norad-Eduapp4syria,ill,QmUoBpTHBXoAPkVb9HZFGHfi5PFTevo3Yk9R2F6eKMZ3mB,https://black-historic-wren-832.mypinata.cloud/ipfs/QmUoBpTHBXoAPkVb9HZFGHfi5PFTevo3Yk9R2F6eKMZ3mB?img-width=640,PNG
109,image/png,BSD_2_CLAUSE,https://github.com/Norad-Eduapp4syria/Norad-Eduapp4syria,ink,QmUszBWjm2GiA7V8C6uL8Mc2dq5KdLpyRWupv5T5Fxxc6j,https://black-historic-wren-832.mypinata.cloud/ipfs/QmUszBWjm2GiA7V8C6uL8Mc2dq5KdLpyRWupv5T5Fxxc6j?img-width=640,PNG
110,image/png,BSD_2_CLAUSE,https://github.com/Norad-Eduapp4syria/Norad-Eduapp4syria,jacket,QmZNjZhcCi75byM3h85yf2Kf1JSuTYSPEjmcx89qfkFHMi,https://black-historic-wren-832.mypinata.cloud/ipfs/QmZNjZhcCi75byM3h85yf2Kf1JSuTYSPEjmcx89qfkFHMi?img-width=640,PNG
111,image/png,BSD_2_CLAUSE,https://github.com/Norad-Eduapp4syria/Norad-Eduapp4syria,jeep,QmVFunCD85biVsdoSVR4AVKJFR1phkgDNP3oynVPjWmH2s,https://black-historic-wren-832.mypinata.cloud/ipfs/QmVFunCD85biVsdoSVR4AVKJFR1phkgDNP3oynVPjWmH2s?img-width=640,PNG
112,image/png,BSD_2_CLAUSE,https://github.com/Norad-Eduapp4syria/Norad-Eduapp4syria,jet,QmUQxy7dwa3MhRiEQAVtXzwyvjz7KAZGa7xhh7awhVfdkT,https://black-historic-wren-832.mypinata.cloud/ipfs/QmUQxy7dwa3MhRiEQAVtXzwyvjz7KAZGa7xhh7awhVfdkT?img-width=640,PNG
113,image/png,BSD_2_CLAUSE,https://github.com/Norad-Eduapp4syria/Norad-Eduapp4syria,jog,QmcqYnsRw173YK96EbP2FPF23crsN8Dddp2CXLGQFW4HAR,https://black-historic-wren-832.mypinata.cloud/ipfs/QmcqYnsRw173YK96EbP2FPF23crsN8Dddp2CXLGQFW4HAR?img-width=640,PNG
114,image/png,BSD_2_CLAUSE,https://github.com/Norad-Eduapp4syria/Norad-Eduapp4syria,join,QmckBvDKkaWQdb9PTu1o4jmkyxjHobVyHRPixiPyE3zVCC,https://black-historic-wren-832.mypinata.cloud/ipfs/QmckBvDKkaWQdb9PTu1o4jmkyxjHobVyHRPixiPyE3zVCC?img-width=640,PNG
115,image/png,BSD_2_CLAUSE,https://github.com/Norad-Eduapp4syria/Norad-Eduapp4syria,jug,QmfFUBhK5UMyVzXiaLZLSPsgyyiCCFNifFPH1LtJg6DJpw,https://black-historic-wren-832.mypinata.cloud/ipfs/QmfFUBhK5UMyVzXiaLZLSPsgyyiCCFNifFPH1LtJg6DJpw?img-width=640,PNG
116,image/png,BSD_2_CLAUSE,https://github.com/Norad-Eduapp4syria/Norad-Eduapp4syria,jump,QmWoUkg7ofY9YnsHojn26yf1e3c6ct5VqFfHJB1z8KBKvm,https://black-historic-wren-832.mypinata.cloud/ipfs/QmWoUkg7ofY9YnsHojn26yf1e3c6ct5VqFfHJB1z8KBKvm?img-width=640,PNG
117,image/png,BSD_2_CLAUSE,https://github.com/Norad-Eduapp4syria/Norad-Eduapp4syria,kick,QmWQvokvg3pM2YvEHjYiyf5gxtBxK5PSG7MxBNNmJrZLUD,https://black-historic-wren-832.mypinata.cloud/ipfs/QmWQvokvg3pM2YvEHjYiyf5gxtBxK5PSG7MxBNNmJrZLUD?img-width=640,PNG
118,image/png,BSD_2_CLAUSE,https://github.com/Norad-Eduapp4syria/Norad-Eduapp4syria,kid,QmQLprJ5ZLKJ8D8E81m4NNv15WVaWo64ZK5ELdaw9LCtdd,https://black-historic-wren-832.mypinata.cloud/ipfs/QmQLprJ5ZLKJ8D8E81m4NNv15WVaWo64ZK5ELdaw9LCtdd?img-width=640,PNG
119,image/png,BSD_2_CLAUSE,https://github.com/Norad-Eduapp4syria/Norad-Eduapp4syria,lick,QmPuSvDJEQC9UMh2ojJQxDiC4tKg4TkoBvoFKjFpd9R6PY,https://black-historic-wren-832.mypinata.cloud/ipfs/QmPuSvDJEQC9UMh2ojJQxDiC4tKg4TkoBvoFKjFpd9R6PY?img-width=640,PNG
120,image/png,BSD_2_CLAUSE,https://github.com/Norad-Eduapp4syria/Norad-Eduapp4syria,lip,QmX5c93umHZ9Mv6DnmyJQAdtH6RhoHgHFgbYDroL5MDckp,https://black-historic-wren-832.mypinata.cloud/ipfs/QmX5c93umHZ9Mv6DnmyJQAdtH6RhoHgHFgbYDroL5MDckp?img-width=640,PNG
121,image/png,BSD_2_CLAUSE,https://github.com/Norad-Eduapp4syria/Norad-Eduapp4syria,log,QmT5e9QAaTRPQPYaHSeZtXhMJYsDfyvTTb4HmU6SKouvod,https://black-historic-wren-832.mypinata.cloud/ipfs/QmT5e9QAaTRPQPYaHSeZtXhMJYsDfyvTTb4HmU6SKouvod?img-width=640,PNG
122,image/png,BSD_2_CLAUSE,https://github.com/Norad-Eduapp4syria/Norad-Eduapp4syria,long,QmaN5NuiLHYiSKoRURuvsGs6x5jUqZLxVQkB5ac5UJeKZ9,https://black-historic-wren-832.mypinata.cloud/ipfs/QmaN5NuiLHYiSKoRURuvsGs6x5jUqZLxVQkB5ac5UJeKZ9?img-width=640,PNG
123,image/png,BSD_2_CLAUSE,https://github.com/Norad-Eduapp4syria/Norad-Eduapp4syria,look,QmVdjHthorjVFRoytSrPEaJuXaGcJEKCBP7hpqcHbQiJmi,https://black-historic-wren-832.mypinata.cloud/ipfs/QmVdjHthorjVFRoytSrPEaJuXaGcJEKCBP7hpqcHbQiJmi?img-width=640,PNG
124,image/png,BSD_2_CLAUSE,https://github.com/Norad-Eduapp4syria/Norad-Eduapp4syria,loud,QmSHg6LXYjpJb4M9PfUE9rcWpVstR3UZamRadjvYQSfswq,https://black-historic-wren-832.mypinata.cloud/ipfs/QmSHg6LXYjpJb4M9PfUE9rcWpVstR3UZamRadjvYQSfswq?img-width=640,PNG
125,image/png,BSD_2_CLAUSE,https://github.com/Norad-Eduapp4syria/Norad-Eduapp4syria,mad,Qmc9JZMo4n66JcvNqtKovLWkdHQSPt6Pfeq9VzL4aZxXan,https://black-historic-wren-832.mypinata.cloud/ipfs/Qmc9JZMo4n66JcvNqtKovLWkdHQSPt6Pfeq9VzL4aZxXan?img-width=640,PNG
126,image/png,BSD_2_CLAUSE,https://github.com/Norad-Eduapp4syria/Norad-Eduapp4syria,man,QmYzu6ARUqM45yWBquimAcaHdzHZRSUoCh9HrFVRvMvMUY,https://black-historic-wren-832.mypinata.cloud/ipfs/QmYzu6ARUqM45yWBquimAcaHdzHZRSUoCh9HrFVRvMvMUY?img-width=640,PNG
127,image/png,BSD_2_CLAUSE,https://github.com/Norad-Eduapp4syria/Norad-Eduapp4syria,map,QmcnPdXG8HDgwuSVhgnBz23gdFRQ8nqVyHNee2qsjhetEL,https://black-historic-wren-832.mypinata.cloud/ipfs/QmcnPdXG8HDgwuSVhgnBz23gdFRQ8nqVyHNee2qsjhetEL?img-width=640,PNG
128,image/png,BSD_2_CLAUSE,https://github.com/Norad-Eduapp4syria/Norad-Eduapp4syria,mat,QmfVNTEWMWdz2pv66HnuebiAzkm8SFKjVjXgSFaZBHFDCJ,https://black-historic-wren-832.mypinata.cloud/ipfs/QmfVNTEWMWdz2pv66HnuebiAzkm8SFKjVjXgSFaZBHFDCJ?img-width=640,PNG
129,image/png,BSD_2_CLAUSE,https://github.com/Norad-Eduapp4syria/Norad-Eduapp4syria,mess,QmYCVPhijacv92RmCZRwffBKkMvtT23NBrwFRkZQFuLqTn,https://black-historic-wren-832.mypinata.cloud/ipfs/QmYCVPhijacv92RmCZRwffBKkMvtT23NBrwFRkZQFuLqTn?img-width=640,PNG
130,image/png,BSD_2_CLAUSE,https://github.com/Norad-Eduapp4syria/Norad-Eduapp4syria,mister,QmYQaSrykc9s3heYgVPnFksXHWi2z3v9FqbQAKkJSq47pY,https://black-historic-wren-832.mypinata.cloud/ipfs/QmYQaSrykc9s3heYgVPnFksXHWi2z3v9FqbQAKkJSq47pY?img-width=640,PNG
131,image/png,BSD_2_CLAUSE,https://github.com/Norad-Eduapp4syria/Norad-Eduapp4syria,mix,QmbuNXwN8V3nUHEaQNSMXSrnGevwJ3Kpzd2Kvjbp6997ph,https://black-historic-wren-832.mypinata.cloud/ipfs/QmbuNXwN8V3nUHEaQNSMXSrnGevwJ3Kpzd2Kvjbp6997ph?img-width=640,PNG
132,image/png,BSD_2_CLAUSE,https://github.com/Norad-Eduapp4syria/Norad-Eduapp4syria,moon,QmZ9jRYuULvBRzxR6D5ptDz3twsaamWFkfA7w8ErJ9yJzi,https://black-historic-wren-832.mypinata.cloud/ipfs/QmZ9jRYuULvBRzxR6D5ptDz3twsaamWFkfA7w8ErJ9yJzi?img-width=640,PNG
133,image/png,BSD_2_CLAUSE,https://github.com/Norad-Eduapp4syria/Norad-Eduapp4syria,mouth,QmXdScXnB3KPyRFw26Qmg5CjRBVgvjmF491fxRPoBmckij,https://black-historic-wren-832.mypinata.cloud/ipfs/QmXdScXnB3KPyRFw26Qmg5CjRBVgvjmF491fxRPoBmckij?img-width=640,PNG
134,image/png,BSD_2_CLAUSE,https://github.com/Norad-Eduapp4syria/Norad-Eduapp4syria,mud,QmRuNTyRqq7KKkae69EKnJGyLPC12bMFr6WJnjipPu23ST,https://black-historic-wren-832.mypinata.cloud/ipfs/QmRuNTyRqq7KKkae69EKnJGyLPC12bMFr6WJnjipPu23ST?img-width=640,PNG
135,image/png,BSD_2_CLAUSE,https://github.com/Norad-Eduapp4syria/Norad-Eduapp4syria,nail,QmPMUzKLerzqKfxh8Na7fyjZkD8bX2Hqqo6R1Y6jMTUUWh,https://black-historic-wren-832.mypinata.cloud/ipfs/QmPMUzKLerzqKfxh8Na7fyjZkD8bX2Hqqo6R1Y6jMTUUWh?img-width=640,PNG
136,image/png,BSD_2_CLAUSE,https://github.com/Norad-Eduapp4syria/Norad-Eduapp4syria,nap,QmTDescuojRmVhbCvvdHF56UJA2nm7w8NGLNiMniLnKtz8,https://black-historic-wren-832.mypinata.cloud/ipfs/QmTDescuojRmVhbCvvdHF56UJA2nm7w8NGLNiMniLnKtz8?img-width=640,PNG
137,image/png,BSD_2_CLAUSE,https://github.com/Norad-Eduapp4syria/Norad-Eduapp4syria,neck,QmVezGKqArQgbRn1nWc3md1nFvEctzmvc8JxoAQZMv8Dm9,https://black-historic-wren-832.mypinata.cloud/ipfs/QmVezGKqArQgbRn1nWc3md1nFvEctzmvc8JxoAQZMv8Dm9?img-width=640,PNG
138,image/png,BSD_2_CLAUSE,https://github.com/Norad-Eduapp4syria/Norad-Eduapp4syria,nest,QmbwqNey9cm9isEb271FNkKVcMqDxeXMqT62p2bPQ5EzjG,https://black-historic-wren-832.mypinata.cloud/ipfs/QmbwqNey9cm9isEb271FNkKVcMqDxeXMqT62p2bPQ5EzjG?img-width=640,PNG
139,image/png,BSD_2_CLAUSE,https://github.com/Norad-Eduapp4syria/Norad-Eduapp4syria,oil,QmSAT25PBMxyd8y1354DaLm4yrxqHMusrwNTQQFcFbo7Tx,https://black-historic-wren-832.mypinata.cloud/ipfs/QmSAT25PBMxyd8y1354DaLm4yrxqHMusrwNTQQFcFbo7Tx?img-width=640,PNG
140,image/png,BSD_2_CLAUSE,https://github.com/Norad-Eduapp4syria/Norad-Eduapp4syria,pack,QmPWEvGVRTdQVanqWNzfdLf8S8vdsb41CW4ZSMgfDpX261,https://black-historic-wren-832.mypinata.cloud/ipfs/QmPWEvGVRTdQVanqWNzfdLf8S8vdsb41CW4ZSMgfDpX261?img-width=640,PNG
141,image/png,BSD_2_CLAUSE,https://github.com/Norad-Eduapp4syria/Norad-Eduapp4syria,paint,QmQ6i6DXPDMy5eohd3kwdaqY9rWPKMCmvQHuuPeiedg5Hu,https://black-historic-wren-832.mypinata.cloud/ipfs/QmQ6i6DXPDMy5eohd3kwdaqY9rWPKMCmvQHuuPeiedg5Hu?img-width=640,PNG
142,image/png,BSD_2_CLAUSE,https://github.com/Norad-Eduapp4syria/Norad-Eduapp4syria,pan,QmW2neDjzbLeouyWVgukBjuJX2edKm2BYikALG1FV7r73N,https://black-historic-wren-832.mypinata.cloud/ipfs/QmW2neDjzbLeouyWVgukBjuJX2edKm2BYikALG1FV7r73N?img-width=640,PNG
143,image/png,BSD_2_CLAUSE,https://github.com/Norad-Eduapp4syria/Norad-Eduapp4syria,park,QmdFo6HEabgvJ9nV2rMdF9yZyFNNydaydVrmnk5Hd4HfNh,https://black-historic-wren-832.mypinata.cloud/ipfs/QmdFo6HEabgvJ9nV2rMdF9yZyFNNydaydVrmnk5Hd4HfNh?img-width=640,PNG
144,image/png,BSD_2_CLAUSE,https://github.com/Norad-Eduapp4syria/Norad-Eduapp4syria,pay,QmcS7Bs1cuczLzFcJhaLpbvTiuDRm1C85qNe52BUkE3Y79,https://black-historic-wren-832.mypinata.cloud/ipfs/QmcS7Bs1cuczLzFcJhaLpbvTiuDRm1C85qNe52BUkE3Y79?img-width=640,PNG
145,image/png,BSD_2_CLAUSE,https://github.com/Norad-Eduapp4syria/Norad-Eduapp4syria,pen,QmZYsQWVymrseV82wujP4u5VpNWCAWs2oUkqfSVgcqxEzM,https://black-historic-wren-832.mypinata.cloud/ipfs/QmZYsQWVymrseV82wujP4u5VpNWCAWs2oUkqfSVgcqxEzM?img-width=640,PNG
146,image/png,BSD_2_CLAUSE,https://github.com/Norad-Eduapp4syria/Norad-Eduapp4syria,pet,QmaZ6reV4T7VH2WsUpm8JiJuAG5qpsysonmRtsmoWomLYk,https://black-historic-wren-832.mypinata.cloud/ipfs/QmaZ6reV4T7VH2WsUpm8JiJuAG5qpsysonmRtsmoWomLYk?img-width=640,PNG
147,image/png,BSD_2_CLAUSE,https://github.com/Norad-Eduapp4syria/Norad-Eduapp4syria,pie,QmTPThSpQvh7xy6Uj36uCmsUWbSpHHc641syiSMJr2WJ2P,https://black-historic-wren-832.mypinata.cloud/ipfs/QmTPThSpQvh7xy6Uj36uCmsUWbSpHHc641syiSMJr2WJ2P?img-width=640,PNG
148,image/png,BSD_2_CLAUSE,https://github.com/Norad-Eduapp4syria/Norad-Eduapp4syria,pig,QmRRaaR4pRnnrXX1285qTmBcnMuz2tifS5AKS3koGRuQrz,https://black-historic-wren-832.mypinata.cloud/ipfs/QmRRaaR4pRnnrXX1285qTmBcnMuz2tifS5AKS3koGRuQrz?img-width=640,PNG
149,image/png,BSD_2_CLAUSE,https://github.com/Norad-Eduapp4syria/Norad-Eduapp4syria,pill,QmUoi873ws6tBQouvoRDYqk5jqs4pQuVnf4AkmvAaVAgrW,https://black-historic-wren-832.mypinata.cloud/ipfs/QmUoi873ws6tBQouvoRDYqk5jqs4pQuVnf4AkmvAaVAgrW?img-width=640,PNG
150,image/png,BSD_2_CLAUSE,https://github.com/Norad-Eduapp4syria/Norad-Eduapp4syria,pink,QmQYqWJErqXuqrJjR27spWmDczeHj8GpqGcW4BJJLxBqXc,https://black-historic-wren-832.mypinata.cloud/ipfs/QmQYqWJErqXuqrJjR27spWmDczeHj8GpqGcW4BJJLxBqXc?img-width=640,PNG
151,image/png,BSD_2_CLAUSE,https://github.com/Norad-Eduapp4syria/Norad-Eduapp4syria,pip,QmRq2XcydCpwLXQdYV2kNTZvEFrX7cU4rgVxfLSyXt5ubP,https://black-historic-wren-832.mypinata.cloud/ipfs/QmRq2XcydCpwLXQdYV2kNTZvEFrX7cU4rgVxfLSyXt5ubP?img-width=640,PNG
152,image/png,BSD_2_CLAUSE,https://github.com/Norad-Eduapp4syria/Norad-Eduapp4syria,pit,QmWpMs5BwVtcB2rGDpCmagKVaP2KcC68AcN22zgbxsQ5ux,https://black-historic-wren-832.mypinata.cloud/ipfs/QmWpMs5BwVtcB2rGDpCmagKVaP2KcC68AcN22zgbxsQ5ux?img-width=640,PNG
153,image/png,BSD_2_CLAUSE,https://github.com/Norad-Eduapp4syria/Norad-Eduapp4syria,play,QmTaSeqz23o9inBkyodBWTFXZgmQ8UmfuggnPAdHb37g7c,https://black-historic-wren-832.mypinata.cloud/ipfs/QmTaSeqz23o9inBkyodBWTFXZgmQ8UmfuggnPAdHb37g7c?img-width=640,PNG
154,image/png,BSD_2_CLAUSE,https://github.com/Norad-Eduapp4syria/Norad-Eduapp4syria,pool,QmSwE68xjLy89FNySRc5cyhDWFoTjz6ijg46768Cu3j226,https://black-historic-wren-832.mypinata.cloud/ipfs/QmSwE68xjLy89FNySRc5cyhDWFoTjz6ijg46768Cu3j226?img-width=640,PNG
155,image/png,BSD_2_CLAUSE,https://github.com/Norad-Eduapp4syria/Norad-Eduapp4syria,pot,Qmf6hzTrgiZ21ZKnGUca1LTkudV7oK34RnD5M83WyAnvuX,https://black-historic-wren-832.mypinata.cloud/ipfs/Qmf6hzTrgiZ21ZKnGUca1LTkudV7oK34RnD5M83WyAnvuX?img-width=640,PNG
156,image/png,BSD_2_CLAUSE,https://github.com/Norad-Eduapp4syria/Norad-Eduapp4syria,rain,Qmd7FUNkwyCatsz23eRKWHbKtejyyyfg1KB3vTQYMMTfYZ,https://black-historic-wren-832.mypinata.cloud/ipfs/Qmd7FUNkwyCatsz23eRKWHbKtejyyyfg1KB3vTQYMMTfYZ?img-width=640,PNG
157,image/png,BSD_2_CLAUSE,https://github.com/Norad-Eduapp4syria/Norad-Eduapp4syria,run,QmP7Qzhjor9JHxkSE6USRf8LNQ2K9TLSNSE5fHYKL9d2m2,https://black-historic-wren-832.mypinata.cloud/ipfs/QmP7Qzhjor9JHxkSE6USRf8LNQ2K9TLSNSE5fHYKL9d2m2?img-width=640,PNG
158,image/png,BSD_2_CLAUSE,https://github.com/Norad-Eduapp4syria/Norad-Eduapp4syria,rat,QmW1SXa2c7SF3dYQfC4QBNLYJqtxrA6mUr7mkNqFmkVqr4,https://black-historic-wren-832.mypinata.cloud/ipfs/QmW1SXa2c7SF3dYQfC4QBNLYJqtxrA6mUr7mkNqFmkVqr4?img-width=640,PNG
159,image/png,BSD_2_CLAUSE,https://github.com/Norad-Eduapp4syria/Norad-Eduapp4syria,red,QmevCFoZJGTjPbDy3VEaU6sQ2TgUdBihQRaUmoVvqMqJQf,https://black-historic-wren-832.mypinata.cloud/ipfs/QmevCFoZJGTjPbDy3VEaU6sQ2TgUdBihQRaUmoVvqMqJQf?img-width=640,PNG
160,image/png,BSD_2_CLAUSE,https://github.com/Norad-Eduapp4syria/Norad-Eduapp4syria,rest,QmUFmm8gNJwcgkNAVupfJJ8WJZfG2ZK6mhhdSLxRW9Th6t,https://black-historic-wren-832.mypinata.cloud/ipfs/QmUFmm8gNJwcgkNAVupfJJ8WJZfG2ZK6mhhdSLxRW9Th6t?img-width=640,PNG
161,image/png,BSD_2_CLAUSE,https://github.com/Norad-Eduapp4syria/Norad-Eduapp4syria,rich,QmYp15q6vU2WGYZEVBBkQQ41WpuuWRKef6c8RjZzbHHCCT,https://black-historic-wren-832.mypinata.cloud/ipfs/QmYp15q6vU2WGYZEVBBkQQ41WpuuWRKef6c8RjZzbHHCCT?img-width=640,PNG
162,image/png,BSD_2_CLAUSE,https://github.com/Norad-Eduapp4syria/Norad-Eduapp4syria,ring,QmbdNxg7X7wPD3hrt25eo9hcoiPoMgxK4FZ2hhZsKi4ts7,https://black-historic-wren-832.mypinata.cloud/ipfs/QmbdNxg7X7wPD3hrt25eo9hcoiPoMgxK4FZ2hhZsKi4ts7?img-width=640,PNG
163,image/png,BSD_2_CLAUSE,https://github.com/Norad-Eduapp4syria/Norad-Eduapp4syria,rip,QmVarHqWU8LX5juzDEZ36NdRz5fSgdYtkYfN8J5qF3o3V9,https://black-historic-wren-832.mypinata.cloud/ipfs/QmVarHqWU8LX5juzDEZ36NdRz5fSgdYtkYfN8J5qF3o3V9?img-width=640,PNG
164,image/png,BSD_2_CLAUSE,https://github.com/Norad-Eduapp4syria/Norad-Eduapp4syria,road,QmQBzGcgwtRBmrbbpSzuq4npjmVXqYsLXcoBaJehrZBbCF,https://black-historic-wren-832.mypinata.cloud/ipfs/QmQBzGcgwtRBmrbbpSzuq4npjmVXqYsLXcoBaJehrZBbCF?img-width=640,PNG
165,image/png,BSD_2_CLAUSE,https://github.com/Norad-Eduapp4syria/Norad-Eduapp4syria,sack,,/image/165_r1.png,PNG
166,image/png,BSD_2_CLAUSE,https://github.com/Norad-Eduapp4syria/Norad-Eduapp4syria,sad,,/image/166_r3.png,PNG
167,image/png,BSD_2_CLAUSE,https://github.com/Norad-Eduapp4syria/Norad-Eduapp4syria,sit,,/image/167_r3.png,PNG
168,image/png,BSD_2_CLAUSE,https://github.com/Norad-Eduapp4syria/Norad-Eduapp4syria,say,,/image/168_r3.png,PNG
169,image/png,BSD_2_CLAUSE,https://github.com/Norad-Eduapp4syria/Norad-Eduapp4syria,see,,/image/169_r5.png,PNG
170,image/png,BSD_2_CLAUSE,https://github.com/Norad-Eduapp4syria/Norad-Eduapp4syria,shop,,/image/170_r5.png,PNG
171,image/png,BSD_2_CLAUSE,https://github.com/Norad-Eduapp4syria/Norad-Eduapp4syria,shout,,/image/171_r2.png,PNG
172,image/png,BSD_2_CLAUSE,https://github.com/Norad-Eduapp4syria/Norad-Eduapp4syria,sick,,/image/172_r3.png,PNG
173,image/png,CREATIVE_COMMONS_CC_BY,https://github.com/Norad-Eduapp4syria/Norad-Eduapp4syria,silver,,/image/173_r1.png,PNG
174,image/png,BSD_2_CLAUSE,https://github.com/Norad-Eduapp4syria/Norad-Eduapp4syria,sing,,/image/174_r1.png,PNG
175,image/png,CREATIVE_COMMONS_CC_BY,https://github.com/Norad-Eduapp4syria/Norad-Eduapp4syria,sister,,/image/175_r4.png,PNG
176,image/png,BSD_2_CLAUSE,https://github.com/Norad-Eduapp4syria/Norad-Eduapp4syria,six,,/image/176_r2.png,PNG
177,image/png,BSD_2_CLAUSE,https://github.com/Norad-Eduapp4syria/Norad-Eduapp4syria,soup,,/image/177_r1.png,PNG
178,image/png,BSD_2_CLAUSE,https://github.com/Norad-Eduapp4syria/Norad-Eduapp4syria,sort,,/image/178_r3.png,PNG
179,image/png,BSD_2_CLAUSE,https://github.com/Norad-Eduapp4syria/Norad-Eduapp4syria,sun,,/image/179_r2.png,PNG
180,image/png,BSD_2_CLAUSE,https://github.com/Norad-Eduapp4syria/Norad-Eduapp4syria,tail,,/image/180_r5.png,PNG
181,image/png,BSD_2_CLAUSE,https://github.com/Norad-Eduapp4syria/Norad-Eduapp4syria,tank,,/image/181_r1.png,PNG
182,image/png,BSD_2_CLAUSE,https://github.com/Norad-Eduapp4syria/Norad-Eduapp4syria,tap,,/image/182_r2.png,PNG
183,image/png,BSD_2_CLAUSE,https://github.com/Norad-Eduapp4syria/Norad-Eduapp4syria,ten,,/image/183_r1.png,PNG
184,image/png,BSD_2_CLAUSE,https://github.com/Norad-Eduapp4syria/Norad-Eduapp4syria,thin,,/image/184_r2.png,PNG
185,image/png,BSD_2_CLAUSE,https://github.com/Norad-Eduapp4syria/Norad-Eduapp4syria,three,,/image/185_r2.png,PNG
186,image/png,BSD_2_CLAUSE,https://github.com/Norad-Eduapp4syria/Norad-Eduapp4syria,tie,,/image/186_r2.png,PNG
187,image/png,BSD_2_CLAUSE,https://github.com/Norad-Eduapp4syria/Norad-Eduapp4syria,tooth,,/image/187_r1.png,PNG
188,image/png,BSD_2_CLAUSE,https://github.com/Norad-Eduapp4syria/Norad-Eduapp4syria,train,,/image/188_r3.png,PNG
189,image/png,BSD_2_CLAUSE,https://github.com/Norad-Eduapp4syria/Norad-Eduapp4syria,vest,,/image/189_r3.png,PNG
190,image/png,BSD_2_CLAUSE,https://github.com/Norad-Eduapp4syria/Norad-Eduapp4syria,web,,/image/190_r6.png,PNG
191,image/png,BSD_2_CLAUSE,https://github.com/Norad-Eduapp4syria/Norad-Eduapp4syria,wet,,/image/191_r5.png,PNG
192,image/png,BSD_2_CLAUSE,https://github.com/Norad-Eduapp4syria/Norad-Eduapp4syria,win,,/image/192_r2.png,PNG
193,image/png,BSD_2_CLAUSE,https://github.com/Norad-Eduapp4syria/Norad-Eduapp4syria,wing,,/image/193_r4.png,PNG
194,image/png,BSD_2_CLAUSE,https://github.com/Norad-Eduapp4syria/Norad-Eduapp4syria,zebra,,/image/194_r8.png,PNG
195,image/png,BSD_2_CLAUSE,https://github.com/Norad-Eduapp4syria/Norad-Eduapp4syria,zip,,/image/195_r2.png,PNG
196,image/png,BSD_2_CLAUSE,https://github.com/Norad-Eduapp4syria/Norad-Eduapp4syria,zoo,,/image/196_r4.png,PNG
339,image/gif,CREATIVE_COMMONS_CC_BY,http://opengameart.org/content/animated-rat-and-bat,bat_opengameart,QmRW5kFd2UMTVu7Uq3mNfSHt5mwaovtdpNyEww1BY8wa5k,https://black-historic-wren-832.mypinata.cloud/ipfs/QmRW5kFd2UMTVu7Uq3mNfSHt5mwaovtdpNyEww1BY8wa5k?img-width=640,GIF
340,image/gif,,http://giphy.com/gifs/common-ER2mLzLIABRhS,common kingfisher,QmRwTEuKJp7mTogsVF9mzaHNuBdccKYBhpk5fAo8hZQWxD,https://black-historic-wren-832.mypinata.cloud/ipfs/QmRwTEuKJp7mTogsVF9mzaHNuBdccKYBhpk5fAo8hZQWxD?img-width=640,GIF
341,image/gif,,http://imgur.com/oOzBj75,rose,Qmf95YUtAXTAFA6gU4BVvYMDn4yB6293RY65FnVggVwXtS,https://black-historic-wren-832.mypinata.cloud/ipfs/Qmf95YUtAXTAFA6gU4BVvYMDn4yB6293RY65FnVggVwXtS?img-width=640,GIF
342,image/gif,,http://giphy.com/gifs/creative-coding-rXwx17SkEBJmw,circle,QmXyjuL29o6QqTjsPwNjMGfx1qkrcfn5CNLBhJT9aZvnJ8,https://black-historic-wren-832.mypinata.cloud/ipfs/QmXyjuL29o6QqTjsPwNjMGfx1qkrcfn5CNLBhJT9aZvnJ8?img-width=640,GIF
343,image/jpeg,CREATIVE_COMMONS_CC_BY,http://animalphotos.info/a/2009/02/10/a-beautiful-young-mandarin-duck-paddling-lazily-in-the-green-waters/#more-6792,mandarin duck,QmQqiidwKGWuDaEiVk73ttf3murXYWPLooC23HtunSQsfk,https://black-historic-wren-832.mypinata.cloud/ipfs/QmQqiidwKGWuDaEiVk73ttf3murXYWPLooC23HtunSQsfk?img-width=640,JPG
344,image/gif,,http://giphy.com/gifs/happy-weird-ItWzWnWSjPsbe,snow fox,QmYSGyMkwBUTjNhQZA8Spt2qswtrAwJtyrJCN5fqCdYWtR,https://black-historic-wren-832.mypinata.cloud/ipfs/QmYSGyMkwBUTjNhQZA8Spt2qswtrAwJtyrJCN5fqCdYWtR?img-width=640,GIF
345,image/gif,CREATIVE_COMMONS_CC_BY_SA,https://media.giphy.com/media/l3q2sZfD4v4lgrBGU/giphy.gif?response_id=591f16c4c22c393b393487f3,sunrise,QmRKWiDU8PLMty13thmUgaekNd1i4CoTXTg1A6iP1SaVAa,https://black-historic-wren-832.mypinata.cloud/ipfs/QmRKWiDU8PLMty13thmUgaekNd1i4CoTXTg1A6iP1SaVAa?img-width=640,GIF
410,image/jpg,,,storybook-61-cover,QmTjNGPnz5xEwY8hwLU4Dac1R1uEHdz3j8Megu6Hony78g,https://black-historic-wren-832.mypinata.cloud/ipfs/QmTjNGPnz5xEwY8hwLU4Dac1R1uEHdz3j8Megu6Hony78g?img-width=640,JPG
412,image/jpg,,,storybook-61-ch-2,QmYbsan6wJsLn3779PL3uTgLQxReVo86Fe75KzsAUc7XVr,https://black-historic-wren-832.mypinata.cloud/ipfs/QmYbsan6wJsLn3779PL3uTgLQxReVo86Fe75KzsAUc7XVr?img-width=640,JPG
413,image/jpg,,,storybook-61-ch-3,QmTysv6oMjSVaY4snZCqExzNC1z5oLLNi5PEhSYcu4QfmK,https://black-historic-wren-832.mypinata.cloud/ipfs/QmTysv6oMjSVaY4snZCqExzNC1z5oLLNi5PEhSYcu4QfmK?img-width=640,JPG
414,image/jpg,,,storybook-61-ch-4,Qmc21YydX1M8RASXf8TgpgXjai9kFcTrX1dHYN7q9H6vZ1,https://black-historic-wren-832.mypinata.cloud/ipfs/Qmc21YydX1M8RASXf8TgpgXjai9kFcTrX1dHYN7q9H6vZ1?img-width=640,JPG
415,image/jpg,,,storybook-61-ch-5,QmRNwADzFaQ43rTtwJ9dHGQAzDiQCBspq5TZsYjtjvYuiE,https://black-historic-wren-832.mypinata.cloud/ipfs/QmRNwADzFaQ43rTtwJ9dHGQAzDiQCBspq5TZsYjtjvYuiE?img-width=640,JPG
416,image/jpg,,,storybook-61-ch-6,QmS5EDQcKj9xk7hMjjJN8akUqaYbhwoSJtNbfjfreVNneU,https://black-historic-wren-832.mypinata.cloud/ipfs/QmS5EDQcKj9xk7hMjjJN8akUqaYbhwoSJtNbfjfreVNneU?img-width=640,JPG
417,image/jpg,,,storybook-61-ch-7,QmV5TE1sTc5azUfJxk5JwXQk4oSZM3eEb3T3c81mzBciXf,https://black-historic-wren-832.mypinata.cloud/ipfs/QmV5TE1sTc5azUfJxk5JwXQk4oSZM3eEb3T3c81mzBciXf?img-width=640,JPG
418,image/jpg,,,storybook-61-ch-8,QmQVPmfaWtoVvr4vmX3LDxEqi6copwLibDcu82i6m2Sbv6,https://black-historic-wren-832.mypinata.cloud/ipfs/QmQVPmfaWtoVvr4vmX3LDxEqi6copwLibDcu82i6m2Sbv6?img-width=640,JPG
419,image/jpg,,,storybook-61-ch-9,Qmb6EuDM7eeBo1gTFYZtuBSs7a3QBgTEqWxTVFgMkk7Ywb,https://black-historic-wren-832.mypinata.cloud/ipfs/Qmb6EuDM7eeBo1gTFYZtuBSs7a3QBgTEqWxTVFgMkk7Ywb?img-width=640,JPG
420,image/jpg,,,storybook-61-ch-10,QmY4AmRd6GGV58iGtMP9hA8xwLpB9XtX5Yfjf1wBtipjW5,https://black-historic-wren-832.mypinata.cloud/ipfs/QmY4AmRd6GGV58iGtMP9hA8xwLpB9XtX5Yfjf1wBtipjW5?img-width=640,JPG
421,image/jpg,,,storybook-61-ch-11,QmPBsmVmjHdTbFaaBoN3QQ1RpWmPgeMcMNVWyCzjpcJyBQ,https://black-historic-wren-832.mypinata.cloud/ipfs/QmPBsmVmjHdTbFaaBoN3QQ1RpWmPgeMcMNVWyCzjpcJyBQ?img-width=640,JPG
422,image/jpg,,,storybook-61-ch-12,QmSgd44s5UxQZ7SjYuQfwN86aFiiW1ZsZz9tniADHPJLiR,https://black-historic-wren-832.mypinata.cloud/ipfs/QmSgd44s5UxQZ7SjYuQfwN86aFiiW1ZsZz9tniADHPJLiR?img-width=640,JPG
423,image/jpg,,,storybook-61-ch-13,QmZwg6XcifjhaP4AMKe4pifZrUCGGojBUyVNvKXrpHMuMm,https://black-historic-wren-832.mypinata.cloud/ipfs/QmZwg6XcifjhaP4AMKe4pifZrUCGGojBUyVNvKXrpHMuMm?img-width=640,JPG
424,image/jpg,,,storybook-61-ch-14,QmYFzrcC8Va1aDr5SH1zQtWrj2cF9pu3Phcraj2VLW3fpU,https://black-historic-wren-832.mypinata.cloud/ipfs/QmYFzrcC8Va1aDr5SH1zQtWrj2cF9pu3Phcraj2VLW3fpU?img-width=640,JPG
425,image/jpg,,,storybook-61-ch-15,QmaJHbPKmQU2HSW3kiiYLLFz5uiBiizBk7TMeXv8vuqMXL,https://black-historic-wren-832.mypinata.cloud/ipfs/QmaJHbPKmQU2HSW3kiiYLLFz5uiBiizBk7TMeXv8vuqMXL?img-width=640,JPG
426,image/jpg,,,storybook-61-ch-16,QmeafRUiaxfVnPunfxTyEHoz426kbTWjhpUBzwXGwuPVs3,https://black-historic-wren-832.mypinata.cloud/ipfs/QmeafRUiaxfVnPunfxTyEHoz426kbTWjhpUBzwXGwuPVs3?img-width=640,JPG
427,image/jpg,,,storybook-61-ch-17,QmbcSB4tpmBYZ5HmAN1hqgZ5oXMfUgkAscVQUgDpsvQZ8e,https://black-historic-wren-832.mypinata.cloud/ipfs/QmbcSB4tpmBYZ5HmAN1hqgZ5oXMfUgkAscVQUgDpsvQZ8e?img-width=640,JPG
428,image/jpg,,,storybook-61-ch-18,QmbYVPeFGcoTZ8NUSvR5iuDHh6n91Bk7TdYRWhdzAztzMh,https://black-historic-wren-832.mypinata.cloud/ipfs/QmbYVPeFGcoTZ8NUSvR5iuDHh6n91Bk7TdYRWhdzAztzMh?img-width=640,JPG
429,image/jpg,,,storybook-61-ch-19,QmTYhBtgTehKcvvf93dxLfntn1bpZFXmjyQxLyBsFx7fP2,https://black-historic-wren-832.mypinata.cloud/ipfs/QmTYhBtgTehKcvvf93dxLfntn1bpZFXmjyQxLyBsFx7fP2?img-width=640,JPG
430,image/jpg,,,storybook-61-ch-20,QmcHWQEok2haE4ZKExXMfFP7zNzkv6aqPwoUXkb9TDUysQ,https://black-historic-wren-832.mypinata.cloud/ipfs/QmcHWQEok2haE4ZKExXMfFP7zNzkv6aqPwoUXkb9TDUysQ?img-width=640,JPG
431,image/jpg,,,storybook-62-cover,QmRqddxX64ivEWq6dgys642HxTT68FnrkXR9XfzRAcdvUV,https://black-historic-wren-832.mypinata.cloud/ipfs/QmRqddxX64ivEWq6dgys642HxTT68FnrkXR9XfzRAcdvUV?img-width=640,JPG
433,image/jpg,,,storybook-62-ch-2,QmeSCdefbhnMtScnJkHcGpKSi6QmaFoJAvv1yzLhLVpJj5,https://black-historic-wren-832.mypinata.cloud/ipfs/QmeSCdefbhnMtScnJkHcGpKSi6QmaFoJAvv1yzLhLVpJj5?img-width=640,JPG
434,image/jpg,,,storybook-62-ch-3,Qmcqk73tafEPTeQnXTiX3pFUNNbyKPL3EY9nZPhR2vPhij,https://black-historic-wren-832.mypinata.cloud/ipfs/Qmcqk73tafEPTeQnXTiX3pFUNNbyKPL3EY9nZPhR2vPhij?img-width=640,JPG
435,image/jpg,,,storybook-62-ch-4,QmeGSybCMezpEZde4fSJB55jQTnJzNkmu9NQQCB6WD1jS6,https://black-historic-wren-832.mypinata.cloud/ipfs/QmeGSybCMezpEZde4fSJB55jQTnJzNkmu9NQQCB6WD1jS6?img-width=640,JPG
436,image/jpg,,,storybook-62-ch-5,QmfCGKFKZ42VLkUCJhHXUMPnhWi5CU6fS14A6zRPkiM1DP,https://black-historic-wren-832.mypinata.cloud/ipfs/QmfCGKFKZ42VLkUCJhHXUMPnhWi5CU6fS14A6zRPkiM1DP?img-width=640,JPG
437,image/jpg,,,storybook-62-ch-6,QmZyjTATncgk6jzb45gm7ty6DUCTBT79mw4AvhM1Vh2ykF,https://black-historic-wren-832.mypinata.cloud/ipfs/QmZyjTATncgk6jzb45gm7ty6DUCTBT79mw4AvhM1Vh2ykF?img-width=640,JPG
438,image/jpg,,,storybook-62-ch-7,QmWaSc6s1TK1hnfUT5r3yNXscreJ6Di8aFtWoCMbsWjJbd,https://black-historic-wren-832.mypinata.cloud/ipfs/QmWaSc6s1TK1hnfUT5r3yNXscreJ6Di8aFtWoCMbsWjJbd?img-width=640,JPG
439,image/jpg,,,storybook-62-ch-8,QmVBKmETSWa8zkq2XfAsKNkvjofxohboMQeVa6hARvYeiV,https://black-historic-wren-832.mypinata.cloud/ipfs/QmVBKmETSWa8zkq2XfAsKNkvjofxohboMQeVa6hARvYeiV?img-width=640,JPG
440,image/jpg,,,storybook-62-ch-9,QmTX8i2D5K54jCHsu2BE27yGihc1iLcx2e6mAzjFP1o6nf,https://black-historic-wren-832.mypinata.cloud/ipfs/QmTX8i2D5K54jCHsu2BE27yGihc1iLcx2e6mAzjFP1o6nf?img-width=640,JPG
441,image/jpg,,,storybook-62-ch-10,QmPSZzh8uMMxNYwuXMbqvfs7f8wKGwTM6zgYF9Tstm1578,https://black-historic-wren-832.mypinata.cloud/ipfs/QmPSZzh8uMMxNYwuXMbqvfs7f8wKGwTM6zgYF9Tstm1578?img-width=640,JPG
442,image/jpg,,,storybook-62-ch-11,QmSewPaHRHgCBQHrB5bhCcKPf4PkDG7UW8jQgyhbsMMiGk,https://black-historic-wren-832.mypinata.cloud/ipfs/QmSewPaHRHgCBQHrB5bhCcKPf4PkDG7UW8jQgyhbsMMiGk?img-width=640,JPG
443,image/jpg,,,storybook-62-ch-12,Qme1j3KY2M3vt1Vrz7yJcZeCRBMr9QYRAnZXtMh1jZkm77,https://black-historic-wren-832.mypinata.cloud/ipfs/Qme1j3KY2M3vt1Vrz7yJcZeCRBMr9QYRAnZXtMh1jZkm77?img-width=640,JPG
445,image/jpg,,,storybook-63-cover,QmXtuP8RVshW5uuhKiPF4abdNaNYGbVcpPr6amCZKegsKJ,https://black-historic-wren-832.mypinata.cloud/ipfs/QmXtuP8RVshW5uuhKiPF4abdNaNYGbVcpPr6amCZKegsKJ?img-width=640,JPG
447,image/jpg,,,storybook-63-ch-2,Qmdwes3KfDU4LAPwAhMbQ6fNdceJjTwH6rwvErCrG5kNsj,https://black-historic-wren-832.mypinata.cloud/ipfs/Qmdwes3KfDU4LAPwAhMbQ6fNdceJjTwH6rwvErCrG5kNsj?img-width=640,JPG
448,image/jpg,,,storybook-63-ch-3,QmUMUaXtEvTLR4BMmP4Gt3hLjH2Nc3sXgxHSi2EacQn4dR,https://black-historic-wren-832.mypinata.cloud/ipfs/QmUMUaXtEvTLR4BMmP4Gt3hLjH2Nc3sXgxHSi2EacQn4dR?img-width=640,JPG
449,image/gif,,,storybook-63-ch-4,QmdNTcBA7oB8dTnAPkLnv6FyjPZhchkAMUGJno9mwZjZ5U,https://black-historic-wren-832.mypinata.cloud/ipfs/QmdNTcBA7oB8dTnAPkLnv6FyjPZhchkAMUGJno9mwZjZ5U?img-width=640,GIF
466,image/jpg,,,storybook-65-cover,QmRXko4sMGBAvTP18PaHXj3tf66HbMXKVXvEdSSEHksUiZ,https://black-historic-wren-832.mypinata.cloud/ipfs/QmRXko4sMGBAvTP18PaHXj3tf66HbMXKVXvEdSSEHksUiZ?img-width=640,JPG
467,image/jpg,,,storybook-65-ch-2,QmerVgUx3gZecEHGqidUAmpNfXrVNAr377zpwGavTmdbCV,https://black-historic-wren-832.mypinata.cloud/ipfs/QmerVgUx3gZecEHGqidUAmpNfXrVNAr377zpwGavTmdbCV?img-width=640,JPG
468,image/jpg,,,storybook-65-ch-3,QmXcL9qJveqZeQ9e4Ws7CWT4nXo7Zpkx5kYgaj8HGCden1,https://black-historic-wren-832.mypinata.cloud/ipfs/QmXcL9qJveqZeQ9e4Ws7CWT4nXo7Zpkx5kYgaj8HGCden1?img-width=640,JPG
469,image/jpg,,,storybook-65-ch-4,QmUPWriqZN1mGAzkoo41MXxPuEbKCUjxG89qNMQ9ricz9f,https://black-historic-wren-832.mypinata.cloud/ipfs/QmUPWriqZN1mGAzkoo41MXxPuEbKCUjxG89qNMQ9ricz9f?img-width=640,JPG
470,image/jpg,,,storybook-65-ch-5,QmSFLfTYqi78wvZpGWMzDQE3wUWE4XcLXoCPJGVe8JpKbU,https://black-historic-wren-832.mypinata.cloud/ipfs/QmSFLfTYqi78wvZpGWMzDQE3wUWE4XcLXoCPJGVe8JpKbU?img-width=640,JPG
471,image/jpg,,,storybook-65-ch-6,Qmb93mTaNZWGP8DrT4LyMWo1kbvup2rEmKGLPrqEazQ7Bm,https://black-historic-wren-832.mypinata.cloud/ipfs/Qmb93mTaNZWGP8DrT4LyMWo1kbvup2rEmKGLPrqEazQ7Bm?img-width=640,JPG
472,image/jpg,,,storybook-65-ch-7,QmeG9KeLAYphYeA5daN3brFvc9fc7NcaASksXYA5NwVuYd,https://black-historic-wren-832.mypinata.cloud/ipfs/QmeG9KeLAYphYeA5daN3brFvc9fc7NcaASksXYA5NwVuYd?img-width=640,JPG
473,image/jpg,,,storybook-65-ch-8,QmZnP9aMUqVCU31pDFEwDCbXULU1m3Lv1UEWqysdQFWtKb,https://black-historic-wren-832.mypinata.cloud/ipfs/QmZnP9aMUqVCU31pDFEwDCbXULU1m3Lv1UEWqysdQFWtKb?img-width=640,JPG
474,image/jpg,,,storybook-65-ch-9,QmWZQtNieEFgCtj4ZVtmGUrxdbHyexfxKcJQn7MDDMLFLg,https://black-historic-wren-832.mypinata.cloud/ipfs/QmWZQtNieEFgCtj4ZVtmGUrxdbHyexfxKcJQn7MDDMLFLg?img-width=640,JPG
475,image/jpg,,,storybook-65-ch-10,Qmbp4PKYCYjDHCRBYS1dDxa58KDhVacNRQ6n3vLeBAUoTD,https://black-historic-wren-832.mypinata.cloud/ipfs/Qmbp4PKYCYjDHCRBYS1dDxa58KDhVacNRQ6n3vLeBAUoTD?img-width=640,JPG
476,image/jpg,,,storybook-65-ch-11,QmW1B2LHkTHCRH5Nx1hCGnvEX6uTpbLvZVa8q8E4nnywv4,https://black-historic-wren-832.mypinata.cloud/ipfs/QmW1B2LHkTHCRH5Nx1hCGnvEX6uTpbLvZVa8q8E4nnywv4?img-width=640,JPG
477,image/jpg,,,storybook-65-ch-12,QmTvYZi8oBQd8xxiZvPa2GsVrscfGBvyW6CBRPpCZzeFig,https://black-historic-wren-832.mypinata.cloud/ipfs/QmTvYZi8oBQd8xxiZvPa2GsVrscfGBvyW6CBRPpCZzeFig?img-width=640,JPG
478,image/jpg,,,storybook-65-ch-13,QmRnXY4eBtQufUFqT28wF1EHTmXMsDXVGUKDx6sJawDZcV,https://black-historic-wren-832.mypinata.cloud/ipfs/QmRnXY4eBtQufUFqT28wF1EHTmXMsDXVGUKDx6sJawDZcV?img-width=640,JPG
479,image/jpg,,,storybook-65-ch-14,QmSWiDxiCWwGgY1ouZe7NgjPFfGB5uGBNT7DY3Cpr9JQU5,https://black-historic-wren-832.mypinata.cloud/ipfs/QmSWiDxiCWwGgY1ouZe7NgjPFfGB5uGBNT7DY3Cpr9JQU5?img-width=640,JPG
480,image/jpg,,,storybook-65-ch-15,QmX2NrVfFH2uviPzAunPdvB3Sy14D2RGxkb9Zase3DG6fi,https://black-historic-wren-832.mypinata.cloud/ipfs/QmX2NrVfFH2uviPzAunPdvB3Sy14D2RGxkb9Zase3DG6fi?img-width=640,JPG
481,image/jpg,,,storybook-65-ch-16,QmYC73rVJ5W9v2hERGnahG7N4nY6WzdcRTV2gggSq3deUX,https://black-historic-wren-832.mypinata.cloud/ipfs/QmYC73rVJ5W9v2hERGnahG7N4nY6WzdcRTV2gggSq3deUX?img-width=640,JPG
482,image/jpg,,,storybook-65-ch-17,QmcEJvmkrXQt4gtfsrgjuNEse88vfh5YB22xtce2bxVsVj,https://black-historic-wren-832.mypinata.cloud/ipfs/QmcEJvmkrXQt4gtfsrgjuNEse88vfh5YB22xtce2bxVsVj?img-width=640,JPG
483,image/jpg,,,storybook-65-ch-18,Qmbh7SsjZvJxUwW6yu8haHR5pSH3BFP8mU4Qq787UKJ4fX,https://black-historic-wren-832.mypinata.cloud/ipfs/Qmbh7SsjZvJxUwW6yu8haHR5pSH3BFP8mU4Qq787UKJ4fX?img-width=640,JPG
484,image/jpg,,,storybook-65-ch-19,QmRXdrR2xM6n8Q3cKRCt5YVPM79SkTFBatxs3Uz9x3H5cm,https://black-historic-wren-832.mypinata.cloud/ipfs/QmRXdrR2xM6n8Q3cKRCt5YVPM79SkTFBatxs3Uz9x3H5cm?img-width=640,JPG
485,image/jpg,,,storybook-65-ch-20,QmeFhHaPt2rNEJUcU972kRT7by74LrngqAwGdW3KhKMVFw,https://black-historic-wren-832.mypinata.cloud/ipfs/QmeFhHaPt2rNEJUcU972kRT7by74LrngqAwGdW3KhKMVFw?img-width=640,JPG
486,image/jpg,,,storybook-65-ch-21,QmZdthSCBjinTJtVPqwekTcLwuyGGjsPC7NJoLeDT4dKFE,https://black-historic-wren-832.mypinata.cloud/ipfs/QmZdthSCBjinTJtVPqwekTcLwuyGGjsPC7NJoLeDT4dKFE?img-width=640,JPG
487,image/jpg,,,storybook-65-ch-22,QmZftkea1FJaDXir4GCpsuwVUtSb8pLFWpG2F7pj9GTtTN,https://black-historic-wren-832.mypinata.cloud/ipfs/QmZftkea1FJaDXir4GCpsuwVUtSb8pLFWpG2F7pj9GTtTN?img-width=640,JPG
488,image/jpg,,,storybook-65-ch-23,QmTVro4RgeZBqVdcbFFZ3uXrnH95ZY4qsRkRWQzBU8Hd1U,https://black-historic-wren-832.mypinata.cloud/ipfs/QmTVro4RgeZBqVdcbFFZ3uXrnH95ZY4qsRkRWQzBU8Hd1U?img-width=640,JPG
489,image/jpg,,,storybook-65-ch-24,QmQ9RtQxmzX7guLXzGBRT8ZVMyeYBYEmgQe3tHWRU9j5Qo,https://black-historic-wren-832.mypinata.cloud/ipfs/QmQ9RtQxmzX7guLXzGBRT8ZVMyeYBYEmgQe3tHWRU9j5Qo?img-width=640,JPG
490,image/jpg,,,storybook-65-ch-25,QmfFFmKXA3iS7jLvpkzruJR8cvNKDRKL3h5ppV4EZYPkRY,https://black-historic-wren-832.mypinata.cloud/ipfs/QmfFFmKXA3iS7jLvpkzruJR8cvNKDRKL3h5ppV4EZYPkRY?img-width=640,JPG
491,image/jpg,,,storybook-65-ch-26,QmWe7g3ShtEDsPThopobqVDf8GWXT1txuaqDSRuYXx61wY,https://black-historic-wren-832.mypinata.cloud/ipfs/QmWe7g3ShtEDsPThopobqVDf8GWXT1txuaqDSRuYXx61wY?img-width=640,JPG
492,image/jpg,,,storybook-65-ch-27,QmTZsaKU7yQAh6XTeiRz2CcDvgssYNwTLJeZQAT4m6j818,https://black-historic-wren-832.mypinata.cloud/ipfs/QmTZsaKU7yQAh6XTeiRz2CcDvgssYNwTLJeZQAT4m6j818?img-width=640,JPG
493,image/jpg,,,storybook-65-ch-28,QmTFLoKHc5kmbF4utqGLWxfTSMmyFWHyHEjx6JRWLTUbhp,https://black-historic-wren-832.mypinata.cloud/ipfs/QmTFLoKHc5kmbF4utqGLWxfTSMmyFWHyHEjx6JRWLTUbhp?img-width=640,JPG
494,image/jpg,,,storybook-66-cover,QmY9ZfHj7YNPvvk4MBdo9A8qQRJfGrykkGHWapG7RRQ6Gb,https://black-historic-wren-832.mypinata.cloud/ipfs/QmY9ZfHj7YNPvvk4MBdo9A8qQRJfGrykkGHWapG7RRQ6Gb?img-width=640,JPG
495,image/jpg,,,storybook-66-ch-2,QmaAscXGDdNqo3v2mysG49cT2ZvF4XvFwFUzYhfvirntdw,https://black-historic-wren-832.mypinata.cloud/ipfs/QmaAscXGDdNqo3v2mysG49cT2ZvF4XvFwFUzYhfvirntdw?img-width=640,JPG
496,image/jpg,,,storybook-66-ch-3,Qmb1dtHDrCTuRfcHMb6WP3fFJPSnkrKzN2LdqyPMpfz8hf,https://black-historic-wren-832.mypinata.cloud/ipfs/Qmb1dtHDrCTuRfcHMb6WP3fFJPSnkrKzN2LdqyPMpfz8hf?img-width=640,JPG
497,image/jpg,,,storybook-66-ch-4,QmXXFGyfKpdntatk5fBfm1nayUQzehsFTHg4Xd8nJYBCnV,https://black-historic-wren-832.mypinata.cloud/ipfs/QmXXFGyfKpdntatk5fBfm1nayUQzehsFTHg4Xd8nJYBCnV?img-width=640,JPG
498,image/jpg,,,storybook-66-ch-5,QmZW4EECH2xEo7DvJ5ZHVdBSqkj3bxk4NSft48PeKD5NvR,https://black-historic-wren-832.mypinata.cloud/ipfs/QmZW4EECH2xEo7DvJ5ZHVdBSqkj3bxk4NSft48PeKD5NvR?img-width=640,JPG
499,image/jpg,,,storybook-66-ch-6,Qmbfp32THdmMooJEkj5F4qpSN3rFY2HYNakwv1LWfjq2gm,https://black-historic-wren-832.mypinata.cloud/ipfs/Qmbfp32THdmMooJEkj5F4qpSN3rFY2HYNakwv1LWfjq2gm?img-width=640,JPG
500,image/jpg,,,storybook-66-ch-7,QmNzkYEY35Xb6xrsx9gQ7rWUyhk8Y7AbaFchtFYQ74UQVv,https://black-historic-wren-832.mypinata.cloud/ipfs/QmNzkYEY35Xb6xrsx9gQ7rWUyhk8Y7AbaFchtFYQ74UQVv?img-width=640,JPG
501,image/jpg,,,storybook-66-ch-8,QmPxscDTLMhs8RRNxaSxzkNThzPFe51f7dP4HCSLqSGz3G,https://black-historic-wren-832.mypinata.cloud/ipfs/QmPxscDTLMhs8RRNxaSxzkNThzPFe51f7dP4HCSLqSGz3G?img-width=640,JPG
502,image/jpg,,,storybook-66-ch-9,QmVqMrMzfqgeoX8zM5S2NHuu8DVKT9t5FymoSq8bYqQnQF,https://black-historic-wren-832.mypinata.cloud/ipfs/QmVqMrMzfqgeoX8zM5S2NHuu8DVKT9t5FymoSq8bYqQnQF?img-width=640,JPG
503,image/jpg,,,storybook-66-ch-10,QmSmT6Ddr8q8LGpmNvoAC157686RUMwDM4izQEDTZF41AT,https://black-historic-wren-832.mypinata.cloud/ipfs/QmSmT6Ddr8q8LGpmNvoAC157686RUMwDM4izQEDTZF41AT?img-width=640,JPG
504,image/jpg,,,storybook-66-ch-11,QmazjNb6ibQoFzAbi4bkiV4ggjndYy4FMBpUKNEtLFY6US,https://black-historic-wren-832.mypinata.cloud/ipfs/QmazjNb6ibQoFzAbi4bkiV4ggjndYy4FMBpUKNEtLFY6US?img-width=640,JPG
505,image/jpg,,,storybook-66-ch-12,QmeSCD5kpzY5VVLtVMs4p9B7LCS4X6A3jmSFixZSuVjLS1,https://black-historic-wren-832.mypinata.cloud/ipfs/QmeSCD5kpzY5VVLtVMs4p9B7LCS4X6A3jmSFixZSuVjLS1?img-width=640,JPG
506,image/jpg,,,storybook-66-ch-13,QmTEcfNqkH8rkuQCLxN486Tt7URWWkw11h9eFZxQ4tCjAh,https://black-historic-wren-832.mypinata.cloud/ipfs/QmTEcfNqkH8rkuQCLxN486Tt7URWWkw11h9eFZxQ4tCjAh?img-width=640,JPG
507,image/jpg,,,storybook-66-ch-14,QmeQB1Pf7qp5JHujthWmLe4LNRCCw2dzXhuh3Kh8BhP1wW,https://black-historic-wren-832.mypinata.cloud/ipfs/QmeQB1Pf7qp5JHujthWmLe4LNRCCw2dzXhuh3Kh8BhP1wW?img-width=640,JPG
508,image/jpg,,,storybook-67-cover,QmNdBpK1XehkQte6JjDJMaXyt3RcPefH3Ez2hWJAcr2aib,https://black-historic-wren-832.mypinata.cloud/ipfs/QmNdBpK1XehkQte6JjDJMaXyt3RcPefH3Ez2hWJAcr2aib?img-width=640,JPG
509,image/jpg,,,storybook-67-ch-1,QmThVDSCBEXHcUxU8WPkWFEbL4y6CCtc3Fvid2T6SqUuyE,https://black-historic-wren-832.mypinata.cloud/ipfs/QmThVDSCBEXHcUxU8WPkWFEbL4y6CCtc3Fvid2T6SqUuyE?img-width=640,JPG
510,image/jpg,,,storybook-67-ch-2,QmZE125Azk8seayJ57RLn5ghm9JYHTE3G6ymrSvSU37jtH,https://black-historic-wren-832.mypinata.cloud/ipfs/QmZE125Azk8seayJ57RLn5ghm9JYHTE3G6ymrSvSU37jtH?img-width=640,JPG
511,image/jpg,,,storybook-67-ch-3,QmPi5MFjnBzXpendLxNn7EcSYQpQMuuHUUmy41harv484e,https://black-historic-wren-832.mypinata.cloud/ipfs/QmPi5MFjnBzXpendLxNn7EcSYQpQMuuHUUmy41harv484e?img-width=640,JPG
512,image/jpg,,,storybook-67-ch-4,QmaBbrVAPVQqq8YoWaaG7QFGhLAyx9a4FaMymJk1fkgE3P,https://black-historic-wren-832.mypinata.cloud/ipfs/QmaBbrVAPVQqq8YoWaaG7QFGhLAyx9a4FaMymJk1fkgE3P?img-width=640,JPG
513,image/jpg,,,storybook-67-ch-5,Qmb2oQZDDa89RjYp9aLHENMeZy8ppU1cPG5Xk27TgBaD53,https://black-historic-wren-832.mypinata.cloud/ipfs/Qmb2oQZDDa89RjYp9aLHENMeZy8ppU1cPG5Xk27TgBaD53?img-width=640,JPG
514,image/jpg,,,storybook-67-ch-6,QmeZNGE8EAYtV4n2SfEMBWdnPUfXFqLPFwKLiRzsAxD5N6,https://black-historic-wren-832.mypinata.cloud/ipfs/QmeZNGE8EAYtV4n2SfEMBWdnPUfXFqLPFwKLiRzsAxD5N6?img-width=640,JPG
515,image/jpg,,,storybook-67-ch-7,QmbEUZQcb9uhteMHGzSeT4dJuRCX6djvQGaSmYUE4xrkBA,https://black-historic-wren-832.mypinata.cloud/ipfs/QmbEUZQcb9uhteMHGzSeT4dJuRCX6djvQGaSmYUE4xrkBA?img-width=640,JPG
516,image/jpg,,,storybook-67-ch-8,QmbVfbsWbwbLfrPbeHijQC7cRtkw3vi6CcGiVmdiPxPvB1,https://black-historic-wren-832.mypinata.cloud/ipfs/QmbVfbsWbwbLfrPbeHijQC7cRtkw3vi6CcGiVmdiPxPvB1?img-width=640,JPG
517,image/jpg,,,storybook-67-ch-9,QmQa4jtZqbpJ2U8biqFZ39usCHMF68KVrXiXw9WbLq4qnE,https://black-historic-wren-832.mypinata.cloud/ipfs/QmQa4jtZqbpJ2U8biqFZ39usCHMF68KVrXiXw9WbLq4qnE?img-width=640,JPG
518,image/jpg,,,storybook-67-ch-10,QmNY1KHeXfKE8CVyuQZDXALZBBWrJbUyCFVkqxge61XpV6,https://black-historic-wren-832.mypinata.cloud/ipfs/QmNY1KHeXfKE8CVyuQZDXALZBBWrJbUyCFVkqxge61XpV6?img-width=640,JPG
519,image/jpg,,,storybook-67-ch-11,QmdUSw5vUsb5mXM2hzJ3wPzsh6uiN9KiXNVGa96wityBSh,https://black-historic-wren-832.mypinata.cloud/ipfs/QmdUSw5vUsb5mXM2hzJ3wPzsh6uiN9KiXNVGa96wityBSh?img-width=640,JPG
520,image/jpg,,,storybook-67-ch-12,QmchzAQBtLBCVGjaRPVN2sXWNPaZhvV4JKmUGezLJk7wKv,https://black-historic-wren-832.mypinata.cloud/ipfs/QmchzAQBtLBCVGjaRPVN2sXWNPaZhvV4JKmUGezLJk7wKv?img-width=640,JPG
521,image/jpg,,,storybook-67-ch-13,QmQf1wSVDMq8zDrdrpCN1m6RDMSTdXMtiKXD7no5Xd3Dxd,https://black-historic-wren-832.mypinata.cloud/ipfs/QmQf1wSVDMq8zDrdrpCN1m6RDMSTdXMtiKXD7no5Xd3Dxd?img-width=640,JPG
522,image/jpg,,,storybook-67-ch-14,QmNS5GuV7x1FnrRiAvWzEqujnRR5tD994njautZVVLAAuy,https://black-historic-wren-832.mypinata.cloud/ipfs/QmNS5GuV7x1FnrRiAvWzEqujnRR5tD994njautZVVLAAuy?img-width=640,JPG
523,image/jpg,,,storybook-67-ch-15,QmfT6PNi4BPGY3jLvXZFJtYaxHCdRpgBw6xPGWXbdKWoSs,https://black-historic-wren-832.mypinata.cloud/ipfs/QmfT6PNi4BPGY3jLvXZFJtYaxHCdRpgBw6xPGWXbdKWoSs?img-width=640,JPG
524,image/jpg,,,storybook-67-ch-16,QmdLmHnhGrYksnEv4VeJMPFMwZdq7Gg98sAc68CzwjoSxV,https://black-historic-wren-832.mypinata.cloud/ipfs/QmdLmHnhGrYksnEv4VeJMPFMwZdq7Gg98sAc68CzwjoSxV?img-width=640,JPG
525,image/jpg,,,storybook-67-ch-17,Qmc2J3YUdf9nLpVxzYsy2McjJVsgs2sc35e6FG71B59MiW,https://black-historic-wren-832.mypinata.cloud/ipfs/Qmc2J3YUdf9nLpVxzYsy2McjJVsgs2sc35e6FG71B59MiW?img-width=640,JPG
526,image/jpg,,,storybook-67-ch-18,QmUDDzhLHYmXf7UUoyn9P4nFhdw1gopRzq9tTrXVGMTwvJ,https://black-historic-wren-832.mypinata.cloud/ipfs/QmUDDzhLHYmXf7UUoyn9P4nFhdw1gopRzq9tTrXVGMTwvJ?img-width=640,JPG
527,image/jpg,,,storybook-67-ch-19,QmYBjZecyKifEuedZVviKXz46KCSCVBRKDCwVXK7kWsPoq,https://black-historic-wren-832.mypinata.cloud/ipfs/QmYBjZecyKifEuedZVviKXz46KCSCVBRKDCwVXK7kWsPoq?img-width=640,JPG
528,image/jpg,,,storybook-68-cover,QmPa5azci8tvVb7NVWD6rkKtGuaPKJ3a7PXkRNMcz1omMF,https://black-historic-wren-832.mypinata.cloud/ipfs/QmPa5azci8tvVb7NVWD6rkKtGuaPKJ3a7PXkRNMcz1omMF?img-width=640,JPG
529,image/jpg,,,storybook-68-ch-2,QmNgfrNs36uv8w9FiccHHTPA1aQapwpiJS1xSyfFx5TtHB,https://black-historic-wren-832.mypinata.cloud/ipfs/QmNgfrNs36uv8w9FiccHHTPA1aQapwpiJS1xSyfFx5TtHB?img-width=640,JPG
530,image/jpg,,,storybook-68-ch-3,QmbHC7fQCNtfq41HNB1xNGrKZMUe6o8hFYy3ptNf5XAwWv,https://black-historic-wren-832.mypinata.cloud/ipfs/QmbHC7fQCNtfq41HNB1xNGrKZMUe6o8hFYy3ptNf5XAwWv?img-width=640,JPG
531,image/jpg,,,storybook-68-ch-4,QmZQH8FfinKFuen3ujDovmxEBoFFwcywuRd3BEdTmMdWSy,https://black-historic-wren-832.mypinata.cloud/ipfs/QmZQH8FfinKFuen3ujDovmxEBoFFwcywuRd3BEdTmMdWSy?img-width=640,JPG
532,image/jpg,,,storybook-68-ch-5,Qmcw47zYczFCBFKMx7fiNnUJdCHaMf9Buhx4rE7ati1BbR,https://black-historic-wren-832.mypinata.cloud/ipfs/Qmcw47zYczFCBFKMx7fiNnUJdCHaMf9Buhx4rE7ati1BbR?img-width=640,JPG
533,image/jpg,,,storybook-68-ch-6,QmTzpvrRc8962cxpuPse98HWQEVM3gEvqCf8xRR87cKa2y,https://black-historic-wren-832.mypinata.cloud/ipfs/QmTzpvrRc8962cxpuPse98HWQEVM3gEvqCf8xRR87cKa2y?img-width=640,JPG
534,image/jpg,,,storybook-68-ch-7,QmPFeU8PYU91dWDt8L1EsLSSKFXV92qS8GsvSuagsniaYQ,https://black-historic-wren-832.mypinata.cloud/ipfs/QmPFeU8PYU91dWDt8L1EsLSSKFXV92qS8GsvSuagsniaYQ?img-width=640,JPG
535,image/jpg,,,storybook-68-ch-8,QmXjqZJDGYqNg2fNebMu9h1VBMdqYnQfmUytR6Ek7DeePh,https://black-historic-wren-832.mypinata.cloud/ipfs/QmXjqZJDGYqNg2fNebMu9h1VBMdqYnQfmUytR6Ek7DeePh?img-width=640,JPG
536,image/jpg,,,storybook-68-ch-9,QmU38fPeG5tA1fxpYYXH1WQTcZLg89iam9M8i7K31pLQ9b,https://black-historic-wren-832.mypinata.cloud/ipfs/QmU38fPeG5tA1fxpYYXH1WQTcZLg89iam9M8i7K31pLQ9b?img-width=640,JPG
537,image/jpg,,,storybook-68-ch-10,QmWBCYQUgniNjdh39kc8cx2ghRgmZiigoeEFfx6GSKbQ2G,https://black-historic-wren-832.mypinata.cloud/ipfs/QmWBCYQUgniNjdh39kc8cx2ghRgmZiigoeEFfx6GSKbQ2G?img-width=640,JPG
538,image/jpg,,,storybook-68-ch-11,QmU9kTpa96q2sytqyNqeXHFQ8JViQRo18YdMF35yGMVW5P,https://black-historic-wren-832.mypinata.cloud/ipfs/QmU9kTpa96q2sytqyNqeXHFQ8JViQRo18YdMF35yGMVW5P?img-width=640,JPG
539,image/jpg,,,storybook-68-ch-12,QmZFd1UysiVM6uTFLziFAKqjf8zCSTDxK2dUh6L9TC11SA,https://black-historic-wren-832.mypinata.cloud/ipfs/QmZFd1UysiVM6uTFLziFAKqjf8zCSTDxK2dUh6L9TC11SA?img-width=640,JPG
540,image/jpg,,,storybook-68-ch-13,QmWhuevyGdVj6R3HoyyZYDBCRxaLnNNSiy3Hk21Cmb9znc,https://black-historic-wren-832.mypinata.cloud/ipfs/QmWhuevyGdVj6R3HoyyZYDBCRxaLnNNSiy3Hk21Cmb9znc?img-width=640,JPG
541,image/jpg,,,storybook-69-cover,QmNzoQFL3o7df1MXPqbhB2LtoUjQYenvhNtYKnFNMmb8i5,https://black-historic-wren-832.mypinata.cloud/ipfs/QmNzoQFL3o7df1MXPqbhB2LtoUjQYenvhNtYKnFNMmb8i5?img-width=640,JPG
543,image/jpg,,,storybook-69-ch-2,QmW4K3KxJCY5WweieQiEjdtgdDnRRdvm9s82qZKR5n6GAa,https://black-historic-wren-832.mypinata.cloud/ipfs/QmW4K3KxJCY5WweieQiEjdtgdDnRRdvm9s82qZKR5n6GAa?img-width=640,JPG
544,image/jpg,,,storybook-69-ch-3,QmXCcW7GsZfATKtjihMHpN5t9qhFTH5QbSbW3a3GzCKYcG,https://black-historic-wren-832.mypinata.cloud/ipfs/QmXCcW7GsZfATKtjihMHpN5t9qhFTH5QbSbW3a3GzCKYcG?img-width=640,JPG
545,image/jpg,,,storybook-69-ch-4,QmSVHyMCFYar8q7FcRqawyXFzoYmkT6bDoeGZ1Z8NneJop,https://black-historic-wren-832.mypinata.cloud/ipfs/QmSVHyMCFYar8q7FcRqawyXFzoYmkT6bDoeGZ1Z8NneJop?img-width=640,JPG
546,image/jpg,,,storybook-69-ch-5,QmP82ntpctLCmWLUt7U7ipzq9SWwhjuFvXQCYLsxjLmd89,https://black-historic-wren-832.mypinata.cloud/ipfs/QmP82ntpctLCmWLUt7U7ipzq9SWwhjuFvXQCYLsxjLmd89?img-width=640,JPG
547,image/jpg,,,storybook-69-ch-6,QmW22Sq9jTvH8Pqn6RaqnHkcET9dG5MGj8rkCkmY4dD6on,https://black-historic-wren-832.mypinata.cloud/ipfs/QmW22Sq9jTvH8Pqn6RaqnHkcET9dG5MGj8rkCkmY4dD6on?img-width=640,JPG
548,image/jpg,,,storybook-69-ch-7,QmQXXYJkqd6pVwuD23dWDgZeUy5E5oTxFTNNov8ZrRRnqq,https://black-historic-wren-832.mypinata.cloud/ipfs/QmQXXYJkqd6pVwuD23dWDgZeUy5E5oTxFTNNov8ZrRRnqq?img-width=640,JPG
549,image/jpg,,,storybook-69-ch-8,QmUaqKZLhQR3e6nAEQSbcT3jiZeXsDnn3CuUVqHW3peNQ6,https://black-historic-wren-832.mypinata.cloud/ipfs/QmUaqKZLhQR3e6nAEQSbcT3jiZeXsDnn3CuUVqHW3peNQ6?img-width=640,JPG
550,image/jpg,,,storybook-69-ch-9,QmZMVLiJxHdcG2XXG78D4EYthjg69EfTaiD5wCGSr9iCZY,https://black-historic-wren-832.mypinata.cloud/ipfs/QmZMVLiJxHdcG2XXG78D4EYthjg69EfTaiD5wCGSr9iCZY?img-width=640,JPG
551,image/jpg,,,storybook-69-ch-10,QmXj23F31ffj49sdUXte6TxhoLKMRJo7cAkN5KzXN5f6Ee,https://black-historic-wren-832.mypinata.cloud/ipfs/QmXj23F31ffj49sdUXte6TxhoLKMRJo7cAkN5KzXN5f6Ee?img-width=640,JPG
552,image/jpg,,,storybook-69-ch-11,QmYff6DM1QAwXFFULzUwS6CZ5RjH1tPXsN2bA7THhnPZkL,https://black-historic-wren-832.mypinata.cloud/ipfs/QmYff6DM1QAwXFFULzUwS6CZ5RjH1tPXsN2bA7THhnPZkL?img-width=640,JPG
553,image/jpg,,,storybook-69-ch-12,QmT1vGHrTJnHrXWLFLF8bxfLYSkP6NDQmhXXdEu2WBq5fP,https://black-historic-wren-832.mypinata.cloud/ipfs/QmT1vGHrTJnHrXWLFLF8bxfLYSkP6NDQmhXXdEu2WBq5fP?img-width=640,JPG
554,image/jpg,,,storybook-69-ch-13,QmRoAauwhYKZ77sP19x88yN1xejkuoerg4mCNj1QKcFMTU,https://black-historic-wren-832.mypinata.cloud/ipfs/QmRoAauwhYKZ77sP19x88yN1xejkuoerg4mCNj1QKcFMTU?img-width=640,JPG
555,image/jpg,,,storybook-69-ch-14,QmYbsvU6XS8jzbcvhkvNJDCiiEv9DthzSseXkadUSSnxwf,https://black-historic-wren-832.mypinata.cloud/ipfs/QmYbsvU6XS8jzbcvhkvNJDCiiEv9DthzSseXkadUSSnxwf?img-width=640,JPG
556,image/jpg,,,storybook-69-ch-15,Qmd57WxqiXpDWkCxnwzCxa2D9K96pfMLT3ajSitjpop3ws,https://black-historic-wren-832.mypinata.cloud/ipfs/Qmd57WxqiXpDWkCxnwzCxa2D9K96pfMLT3ajSitjpop3ws?img-width=640,JPG
557,image/jpg,,,storybook-69-ch-16,QmTtW1QcqsxuKsRorTk2SoJbrbCR7hew4wss91pt6CJJDF,https://black-historic-wren-832.mypinata.cloud/ipfs/QmTtW1QcqsxuKsRorTk2SoJbrbCR7hew4wss91pt6CJJDF?img-width=640,JPG
558,image/jpg,,,storybook-69-ch-17,QmSw2VEcFcsEsU4THYeWZCAohjV7mZ6PhVvP1aHqVQmNkk,https://black-historic-wren-832.mypinata.cloud/ipfs/QmSw2VEcFcsEsU4THYeWZCAohjV7mZ6PhVvP1aHqVQmNkk?img-width=640,JPG
559,image/jpg,,,storybook-69-ch-18,QmPU1xxKqzSR7GNWNLeGbKj47F9ZuTDzZh7qJmccqZPk6j,https://black-historic-wren-832.mypinata.cloud/ipfs/QmPU1xxKqzSR7GNWNLeGbKj47F9ZuTDzZh7qJmccqZPk6j?img-width=640,JPG
600,image/png,,,storybook-73-cover,QmbskkpCx6K3sr1zXoWzd8rxAZrDSo2LR7avQtDWnCtsTg,https://black-historic-wren-832.mypinata.cloud/ipfs/QmbskkpCx6K3sr1zXoWzd8rxAZrDSo2LR7avQtDWnCtsTg?img-width=640,PNG
601,image/jpg,,,storybook-73-ch-1,QmP5LmQNEq6sRSpU3fYpc2kuG7U7hCrofhSpmZQ3nw8Um4,https://black-historic-wren-832.mypinata.cloud/ipfs/QmP5LmQNEq6sRSpU3fYpc2kuG7U7hCrofhSpmZQ3nw8Um4?img-width=640,JPG
602,image/jpg,,,storybook-73-ch-2,QmSMDUAptnJNMFVaGvjZJjhMUBwEHTy7RXMVG5rWByimWM,https://black-historic-wren-832.mypinata.cloud/ipfs/QmSMDUAptnJNMFVaGvjZJjhMUBwEHTy7RXMVG5rWByimWM?img-width=640,JPG
603,image/jpg,,,storybook-73-ch-3,QmTGYmb9eKczVDjMBkiTk9eKi9nbz8kfYQ6q6MTpcXf7bf,https://black-historic-wren-832.mypinata.cloud/ipfs/QmTGYmb9eKczVDjMBkiTk9eKi9nbz8kfYQ6q6MTpcXf7bf?img-width=640,JPG
604,image/jpg,,,storybook-73-ch-4,QmVpKy5ey7zMqobgLdLGdX7vpNNSLFfVctXqke1ps1nBaE,https://black-historic-wren-832.mypinata.cloud/ipfs/QmVpKy5ey7zMqobgLdLGdX7vpNNSLFfVctXqke1ps1nBaE?img-width=640,JPG
605,image/jpg,,,storybook-73-ch-5,QmUnmAz1y6TFpEKqor4GpBk8tqSrVs89HAQbiM9xUbjqjA,https://black-historic-wren-832.mypinata.cloud/ipfs/QmUnmAz1y6TFpEKqor4GpBk8tqSrVs89HAQbiM9xUbjqjA?img-width=640,JPG
606,image/jpg,,,storybook-73-ch-6,QmQpyTWa7Ckr6tMV7LThgruT5aY3VicPvN5VbruNMg39aW,https://black-historic-wren-832.mypinata.cloud/ipfs/QmQpyTWa7Ckr6tMV7LThgruT5aY3VicPvN5VbruNMg39aW?img-width=640,JPG
607,image/jpg,,,storybook-73-ch-7,Qmad5i83AdsCpMdZ1yMwJrLdWmpi9mDywXkr5bfCxjGMbs,https://black-historic-wren-832.mypinata.cloud/ipfs/Qmad5i83AdsCpMdZ1yMwJrLdWmpi9mDywXkr5bfCxjGMbs?img-width=640,JPG
608,image/jpg,,,storybook-73-ch-8,QmXQzHqE2CgrLjiwtgMRfCSFAQUuuBtNtxS5mFiERTA9LJ,https://black-historic-wren-832.mypinata.cloud/ipfs/QmXQzHqE2CgrLjiwtgMRfCSFAQUuuBtNtxS5mFiERTA9LJ?img-width=640,JPG
609,image/jpg,,,storybook-73-ch-9,QmRUeZdPDm767q4XYKmERkLKMrAxW4YJcJ1TL8xYCmFukV,https://black-historic-wren-832.mypinata.cloud/ipfs/QmRUeZdPDm767q4XYKmERkLKMrAxW4YJcJ1TL8xYCmFukV?img-width=640,JPG
610,image/jpg,,,storybook-73-ch-10,QmVh7ZK1XEQgCRczjw9SL6rbT4qdck6RhGV5pCrAP4n7Sn,https://black-historic-wren-832.mypinata.cloud/ipfs/QmVh7ZK1XEQgCRczjw9SL6rbT4qdck6RhGV5pCrAP4n7Sn?img-width=640,JPG
611,image/jpg,,,storybook-73-ch-11,QmfVdqEabs2ZMmrpNKnED39nGRwXNch6eBmG7SBZbk1RWJ,https://black-historic-wren-832.mypinata.cloud/ipfs/QmfVdqEabs2ZMmrpNKnED39nGRwXNch6eBmG7SBZbk1RWJ?img-width=640,JPG
612,image/jpg,,,storybook-73-ch-12,QmSb38JpJZdjG1jjxB1g4dRQuivd7PwrvuAifrau2M9i9P,https://black-historic-wren-832.mypinata.cloud/ipfs/QmSb38JpJZdjG1jjxB1g4dRQuivd7PwrvuAifrau2M9i9P?img-width=640,JPG
613,image/jpg,,,storybook-73-ch-13,Qmcgf2CyGMgg8p5yWqrXyUTcpRQnCzsAoALkVxdeTdG9s8,https://black-historic-wren-832.mypinata.cloud/ipfs/Qmcgf2CyGMgg8p5yWqrXyUTcpRQnCzsAoALkVxdeTdG9s8?img-width=640,JPG
614,image/jpg,,,storybook-73-ch-14,QmV8JczHqJGBK6hxAKNGxY2RnACezzTovebz6s1iGKb6uR,https://black-historic-wren-832.mypinata.cloud/ipfs/QmV8JczHqJGBK6hxAKNGxY2RnACezzTovebz6s1iGKb6uR?img-width=640,JPG
615,image/jpg,,,storybook-73-ch-15,QmUZ8rh5K32g8JqvmSbb2BoR2HiqoUPQuksTeZkiPMgWum,https://black-historic-wren-832.mypinata.cloud/ipfs/QmUZ8rh5K32g8JqvmSbb2BoR2HiqoUPQuksTeZkiPMgWum?img-width=640,JPG
616,image/jpg,,,storybook-73-ch-16,QmTXZ5vCWQyby53obAM6GZqad4jMYhkm6XZP631FLCGVuN,https://black-historic-wren-832.mypinata.cloud/ipfs/QmTXZ5vCWQyby53obAM6GZqad4jMYhkm6XZP631FLCGVuN?img-width=640,JPG
617,image/jpg,,,storybook-73-ch-17,Qmc56s396rZghi8wzhZV7AH1TEGq79CpcCZc3gV1d3rGhx,https://black-historic-wren-832.mypinata.cloud/ipfs/Qmc56s396rZghi8wzhZV7AH1TEGq79CpcCZc3gV1d3rGhx?img-width=640,JPG
618,image/jpg,,,storybook-73-ch-18,QmVJR5hWRgFmMwiPmmq8g4wwnS8PWu5gxBRdTwSiAQVGtj,https://black-historic-wren-832.mypinata.cloud/ipfs/QmVJR5hWRgFmMwiPmmq8g4wwnS8PWu5gxBRdTwSiAQVGtj?img-width=640,JPG
619,image/jpg,,,storybook-74-cover,QmaAwABJe1o6ya9qwseTSji6HkhUKWwzRxr7DHUeiXV41h,https://black-historic-wren-832.mypinata.cloud/ipfs/QmaAwABJe1o6ya9qwseTSji6HkhUKWwzRxr7DHUeiXV41h?img-width=640,JPG
620,image/jpg,,,storybook-74-ch-1,QmayN2xd4oJH7gwLwx59v2y6wSi2DCD2eDDJG5fVtHB3JA,https://black-historic-wren-832.mypinata.cloud/ipfs/QmayN2xd4oJH7gwLwx59v2y6wSi2DCD2eDDJG5fVtHB3JA?img-width=640,JPG
621,image/jpg,,,storybook-74-ch-2,QmQAcLD4CQ63h2RcxJLU8x9z16Ugfihz82Zrpwjd5RFeTh,https://black-historic-wren-832.mypinata.cloud/ipfs/QmQAcLD4CQ63h2RcxJLU8x9z16Ugfihz82Zrpwjd5RFeTh?img-width=640,JPG
622,image/jpg,,,storybook-74-ch-3,QmYhbuHcuAg8fmADTUztPC3auQvg29E66oYQx3rrkg9kYP,https://black-historic-wren-832.mypinata.cloud/ipfs/QmYhbuHcuAg8fmADTUztPC3auQvg29E66oYQx3rrkg9kYP?img-width=640,JPG
623,image/jpg,,,storybook-74-ch-4,QmPJPo3guPgUfDs4RTEiN8cs6pxZGoenjVNY9Dk1D61Qpr,https://black-historic-wren-832.mypinata.cloud/ipfs/QmPJPo3guPgUfDs4RTEiN8cs6pxZGoenjVNY9Dk1D61Qpr?img-width=640,JPG
624,image/jpg,,,storybook-74-ch-5,QmaQ1bcei1geMPXZUfaieJGSkc61rKqGQhub7zZ7vRULAb,https://black-historic-wren-832.mypinata.cloud/ipfs/QmaQ1bcei1geMPXZUfaieJGSkc61rKqGQhub7zZ7vRULAb?img-width=640,JPG
625,image/jpg,,,storybook-74-ch-6,QmcwstWFVuCae12CCvKyrwZ1MRfYsQPqf9sfbUuFEJtLAa,https://black-historic-wren-832.mypinata.cloud/ipfs/QmcwstWFVuCae12CCvKyrwZ1MRfYsQPqf9sfbUuFEJtLAa?img-width=640,JPG
626,image/jpg,,,storybook-74-ch-7,QmYTF2EzZNKuFDsFRFKn3P3pRGRv1o5giNrPvFKiUHeuPn,https://black-historic-wren-832.mypinata.cloud/ipfs/QmYTF2EzZNKuFDsFRFKn3P3pRGRv1o5giNrPvFKiUHeuPn?img-width=640,JPG
627,image/jpg,,,storybook-74-ch-8,QmW5oyF4fw5P6MdakTYh1A5ryFctDeW1uEgLVfisUGGg5v,https://black-historic-wren-832.mypinata.cloud/ipfs/QmW5oyF4fw5P6MdakTYh1A5ryFctDeW1uEgLVfisUGGg5v?img-width=640,JPG
628,image/jpg,,,storybook-74-ch-9,QmTfhFPwQh1htG9bDyswVwFSy1MUGjJyNDzeVv6s4ottU2,https://black-historic-wren-832.mypinata.cloud/ipfs/QmTfhFPwQh1htG9bDyswVwFSy1MUGjJyNDzeVv6s4ottU2?img-width=640,JPG
629,image/jpg,,,storybook-74-ch-10,QmYGY5SJioV4kikhS9pf1KrDAAsH2QfAh8fxGWqfLihXgC,https://black-historic-wren-832.mypinata.cloud/ipfs/QmYGY5SJioV4kikhS9pf1KrDAAsH2QfAh8fxGWqfLihXgC?img-width=640,JPG
630,image/jpg,,,storybook-74-ch-11,QmXgALjvS2zxYjr1NqtvQspSrpeJToc6yUyhk3JwsDMfCR,https://black-historic-wren-832.mypinata.cloud/ipfs/QmXgALjvS2zxYjr1NqtvQspSrpeJToc6yUyhk3JwsDMfCR?img-width=640,JPG
631,image/jpg,,,storybook-74-ch-12,QmQVmkg9whonQMLW6dReJzwdaaF887RvmtdMQbzgo22eDh,https://black-historic-wren-832.mypinata.cloud/ipfs/QmQVmkg9whonQMLW6dReJzwdaaF887RvmtdMQbzgo22eDh?img-width=640,JPG
632,image/jpg,,,storybook-74-ch-13,QmSpRYDBVfJv2aTwKCD5ZiYHZaaLtwxU4HaEhjyRXjRF99,https://black-historic-wren-832.mypinata.cloud/ipfs/QmSpRYDBVfJv2aTwKCD5ZiYHZaaLtwxU4HaEhjyRXjRF99?img-width=640,JPG
633,image/jpg,,,storybook-74-ch-14,Qman8USgQ1Z521gQxREVbbNjeMn741iPyrc39CV1RU9ncp,https://black-historic-wren-832.mypinata.cloud/ipfs/Qman8USgQ1Z521gQxREVbbNjeMn741iPyrc39CV1RU9ncp?img-width=640,JPG
634,image/jpg,,,storybook-74-ch-15,QmbXDnbVRFdbsPNgxbjzx9gUS4ypyRJiBBPZr6vZW1B4jY,https://black-historic-wren-832.mypinata.cloud/ipfs/QmbXDnbVRFdbsPNgxbjzx9gUS4ypyRJiBBPZr6vZW1B4jY?img-width=640,JPG
635,image/jpg,,,storybook-74-ch-16,QmazwB1vapmpfgsYFJoWdUm1JzvgPbW6SeeKTV9n35LXFt,https://black-historic-wren-832.mypinata.cloud/ipfs/QmazwB1vapmpfgsYFJoWdUm1JzvgPbW6SeeKTV9n35LXFt?img-width=640,JPG
636,image/jpg,,,storybook-74-ch-17,Qmd6AifUgjPjf5kex1DQYGwnYVAPSvdJSPvURUapFw4KHo,https://black-historic-wren-832.mypinata.cloud/ipfs/Qmd6AifUgjPjf5kex1DQYGwnYVAPSvdJSPvURUapFw4KHo?img-width=640,JPG
637,image/jpg,,,storybook-75-cover,QmYi6oNakbvYeUQYvmdRZ2Y9NdiLsjfeBLkmXDYGkduJWc,https://black-historic-wren-832.mypinata.cloud/ipfs/QmYi6oNakbvYeUQYvmdRZ2Y9NdiLsjfeBLkmXDYGkduJWc?img-width=640,JPG
638,image/jpg,,,storybook-75-ch-1,QmYWqDh2Tnvk6CE8UNvznuAekteiUordDqGXpWp8mBsMaN,https://black-historic-wren-832.mypinata.cloud/ipfs/QmYWqDh2Tnvk6CE8UNvznuAekteiUordDqGXpWp8mBsMaN?img-width=640,JPG
639,image/jpg,,,storybook-75-ch-2,QmcYduNnnPdxkEoRautnq9HTVVkT8FrNzUcjNrRTHLzPfX,https://black-historic-wren-832.mypinata.cloud/ipfs/QmcYduNnnPdxkEoRautnq9HTVVkT8FrNzUcjNrRTHLzPfX?img-width=640,JPG
640,image/jpg,,,storybook-75-ch-3,QmbK4QTRZ51FjxkKrkcwW2UpzHcgREjXEfZ7Lqm9ZkqL3p,https://black-historic-wren-832.mypinata.cloud/ipfs/QmbK4QTRZ51FjxkKrkcwW2UpzHcgREjXEfZ7Lqm9ZkqL3p?img-width=640,JPG
641,image/jpg,,,storybook-75-ch-4,QmcS6cKvg3ziZMN6yFzf8fVAjgvJGCYZ6eE4bmBMqUJVpQ,https://black-historic-wren-832.mypinata.cloud/ipfs/QmcS6cKvg3ziZMN6yFzf8fVAjgvJGCYZ6eE4bmBMqUJVpQ?img-width=640,JPG
642,image/jpg,,,storybook-75-ch-5,QmQz9jk8PhR4tG2jcVxrEyCquaYPKbwQCXyT3E6Kh6XQtz,https://black-historic-wren-832.mypinata.cloud/ipfs/QmQz9jk8PhR4tG2jcVxrEyCquaYPKbwQCXyT3E6Kh6XQtz?img-width=640,JPG
643,image/png,,,storybook-76-cover,Qma8zhYPTtyBp5f855x5FPvTaT8hfXAULjczrxwwmmyniW,https://black-historic-wren-832.mypinata.cloud/ipfs/Qma8zhYPTtyBp5f855x5FPvTaT8hfXAULjczrxwwmmyniW?img-width=640,PNG
644,image/jpg,,,storybook-76-ch-1,QmUzZgtiDRR3SYriEY5qLAfaL9LpXEfijXaHaLzL5NfqG3,https://black-historic-wren-832.mypinata.cloud/ipfs/QmUzZgtiDRR3SYriEY5qLAfaL9LpXEfijXaHaLzL5NfqG3?img-width=640,JPG
645,image/jpg,,,storybook-76-ch-2,Qme9B4cK9oD4mFNGLu8bq9Wmpmkih8xWW3aQ1emoogDgAA,https://black-historic-wren-832.mypinata.cloud/ipfs/Qme9B4cK9oD4mFNGLu8bq9Wmpmkih8xWW3aQ1emoogDgAA?img-width=640,JPG
646,image/jpg,,,storybook-76-ch-3,QmUFtYUwicRsTfsXMA4m4qLa97a9ZTPcUBchiZcNQqRyKR,https://black-historic-wren-832.mypinata.cloud/ipfs/QmUFtYUwicRsTfsXMA4m4qLa97a9ZTPcUBchiZcNQqRyKR?img-width=640,JPG
647,image/jpg,,,storybook-76-ch-4,QmWqfFX31Bfvos9Fj7FjVHTWVtQSKNoPLEUdp2N9D3NUZx,https://black-historic-wren-832.mypinata.cloud/ipfs/QmWqfFX31Bfvos9Fj7FjVHTWVtQSKNoPLEUdp2N9D3NUZx?img-width=640,JPG
648,image/jpg,,,storybook-76-ch-5,QmcRtxZaviVv4C9Tzk4CGKRiVmngjT2FRozLUuPoyeKhzz,https://black-historic-wren-832.mypinata.cloud/ipfs/QmcRtxZaviVv4C9Tzk4CGKRiVmngjT2FRozLUuPoyeKhzz?img-width=640,JPG
649,image/jpg,,,storybook-76-ch-6,QmZVbe9aHVjgRkfiLRhCMb3VXyYPKHUfboz9C3PNTiJKun,https://black-historic-wren-832.mypinata.cloud/ipfs/QmZVbe9aHVjgRkfiLRhCMb3VXyYPKHUfboz9C3PNTiJKun?img-width=640,JPG
650,image/jpg,,,storybook-76-ch-7,QmUNtjAfhgS58e6yeD7bgfj5DHePj2MHokPMEWD6NB6JNf,https://black-historic-wren-832.mypinata.cloud/ipfs/QmUNtjAfhgS58e6yeD7bgfj5DHePj2MHokPMEWD6NB6JNf?img-width=640,JPG
651,image/jpeg,,,a-tiny-seed_cover,QmU5gAfySsHNE8WDW85zb6rdgo2rbn15eTrhBL3DoHB3m7,https://black-historic-wren-832.mypinata.cloud/ipfs/QmU5gAfySsHNE8WDW85zb6rdgo2rbn15eTrhBL3DoHB3m7?img-width=640,JPG
652,image/jpeg,,,a-tiny-seed_page2,QmeMgyxK8HJQpXiG56YagT8JMxF6p2JaMmBzpyNg34RcWM,https://black-historic-wren-832.mypinata.cloud/ipfs/QmeMgyxK8HJQpXiG56YagT8JMxF6p2JaMmBzpyNg34RcWM?img-width=640,JPG
653,image/jpeg,,,a-tiny-seed_page4,QmQutv52SPJPFvAP39ujx35W11EBWSFjGLaHAqcgnC3uXN,https://black-historic-wren-832.mypinata.cloud/ipfs/QmQutv52SPJPFvAP39ujx35W11EBWSFjGLaHAqcgnC3uXN?img-width=640,JPG
654,image/jpeg,,,a-tiny-seed_en_page7,QmVb1XvhpYdqcpNuvtGFumt8QCkRCX3qtGZyngNpuWp5Rx,https://black-historic-wren-832.mypinata.cloud/ipfs/QmVb1XvhpYdqcpNuvtGFumt8QCkRCX3qtGZyngNpuWp5Rx?img-width=640,JPG
655,image/jpeg,,,a-tiny-seed_en_page8,QmSYqUd842v8QYFjQ1EmbFMCSGyTdyqUmeJD8EuKCrgcnB,https://black-historic-wren-832.mypinata.cloud/ipfs/QmSYqUd842v8QYFjQ1EmbFMCSGyTdyqUmeJD8EuKCrgcnB?img-width=640,JPG
656,image/jpeg,,,a-tiny-seed_page9,QmcyxgQtYaTmEGDjUirNKE1ZnyKCSKed4ckiqxz8qnaUPL,https://black-historic-wren-832.mypinata.cloud/ipfs/QmcyxgQtYaTmEGDjUirNKE1ZnyKCSKed4ckiqxz8qnaUPL?img-width=640,JPG
657,image/png,,,a-tiny-seed_page10,QmaxoVgMFDpqPckDZyrUKwA1f3a8Z6bEvxePhj1yaj9X5u,https://black-historic-wren-832.mypinata.cloud/ipfs/QmaxoVgMFDpqPckDZyrUKwA1f3a8Z6bEvxePhj1yaj9X5u?img-width=640,PNG
658,image/png,,,a-tiny-seed_page11,QmbQcXnyW8Qpk8R8TSKw69bJwGja9cs8rjB1kcMVJL3uBa,https://black-historic-wren-832.mypinata.cloud/ipfs/QmbQcXnyW8Qpk8R8TSKw69bJwGja9cs8rjB1kcMVJL3uBa?img-width=640,PNG
659,image/png,,,a-tiny-seed_page12,QmeyZ3yNrup8SPdosupHrPKPihtDn8He5Y3TMQk15yTRag,https://black-historic-wren-832.mypinata.cloud/ipfs/QmeyZ3yNrup8SPdosupHrPKPihtDn8He5Y3TMQk15yTRag?img-width=640,PNG
660,image/jpeg,,,a-tiny-seed_page13,QmSeyfppjzjJRQbkyXLMemfutnCgRXw6RdumBsq5w3sNwe,https://black-historic-wren-832.mypinata.cloud/ipfs/QmSeyfppjzjJRQbkyXLMemfutnCgRXw6RdumBsq5w3sNwe?img-width=640,JPG
661,image/jpeg,,,a-tiny-seed_page14,QmbuceLja2G4xaPVhTf3C3Xh6Snam1FfmSXQbbSZ4AwXqo,https://black-historic-wren-832.mypinata.cloud/ipfs/QmbuceLja2G4xaPVhTf3C3Xh6Snam1FfmSXQbbSZ4AwXqo?img-width=640,JPG
662,image/jpeg,,,a-tiny-seed_page15,QmePBfZARLtcYfzCmx2kb38ha48v8pV9LiUk2oG1z1fzG4,https://black-historic-wren-832.mypinata.cloud/ipfs/QmePBfZARLtcYfzCmx2kb38ha48v8pV9LiUk2oG1z1fzG4?img-width=640,JPG
663,image/jpeg,,,a-tiny-seed_page16,QmU3yb599Pw9zx9DxKRmJWiCocrTusD2WxdERYkttieh4w,https://black-historic-wren-832.mypinata.cloud/ipfs/QmU3yb599Pw9zx9DxKRmJWiCocrTusD2WxdERYkttieh4w?img-width=640,JPG
664,image/jpeg,,,a-tiny-seed_page17,QmVJ31bhX5beDK5kTBGvTaMhJNWy4Jek9WXCXmb5JDYNFD,https://black-historic-wren-832.mypinata.cloud/ipfs/QmVJ31bhX5beDK5kTBGvTaMhJNWy4Jek9WXCXmb5JDYNFD?img-width=640,JPG
