id,content_type,content_license,attribution_url,title,download_url,video_format
1,video/mp4,CREATIVE_COMMONS_CC_BY_NC_ND,"http://ubongo.co","akili and me - letter a","/video/1.m4v",M4V
2,video/mp4,CREATIVE_COMMONS_CC_BY_NC_ND,"http://ubongo.co","akili and me - letter b","/video/2.m4v",M4V
3,video/mp4,CREATIVE_COMMONS_CC_BY_NC_ND,"http://ubongo.co","akili and me - letter c","/video/3.m4v",M4V
4,video/mp4,CREATIVE_COMMONS_CC_BY_NC_ND,"http://ubongo.co","akili and me - letter d","/video/4.m4v",M4V
5,video/mp4,CREATIVE_COMMONS_CC_BY_NC_ND,"http://ubongo.co","akili and me - letter e","/video/5.m4v",M4V
6,video/mp4,CREATIVE_COMMONS_CC_BY_NC_ND,"http://ubongo.co","akili and me - letter f","/video/6.m4v",M4V
7,video/mp4,CREATIVE_COMMONS_CC_BY_NC_ND,"http://ubongo.co","akili and me - letter g","/video/7.m4v",M4V
8,video/mp4,CREATIVE_COMMONS_CC_BY_NC_ND,"http://ubongo.co","akili and me - family","/video/8.m4v",M4V
9,video/mp4,CREATIVE_COMMONS_CC_BY_NC_ND,"http://ubongo.co","akili and me - jump jump jump","/video/9.m4v",M4V
10,video/mp4,CREATIVE_COMMONS_CC_BY_NC_ND,"http://ubongo.co","akili and me - music","/video/10.m4v",M4V
11,video/mp4,CREATIVE_COMMONS_CC_BY_NC_ND,"http://ubongo.co","akili and me - art - drawing rectangles","/video/11.m4v",M4V
12,video/mp4,CREATIVE_COMMONS_CC_BY_NC_ND,"http://ubongo.co","akili and me - numbers - one two three song","/video/12.m4v",M4V
13,video/mp4,CREATIVE_COMMONS_CC_BY_NC_ND,"http://ubongo.co","akili and me - the rectangle song","/video/13.m4v",M4V
32,video/mp4,CREATIVE_COMMONS_CC_BY_NC_ND,"http://ubongo.co","akili and me - letter h","/video/32.m4v",M4V
33,video/mp4,CREATIVE_COMMONS_CC_BY_NC_ND,"http://ubongo.co","akili and me - letter i","/video/33.m4v",M4V
34,video/mp4,CREATIVE_COMMONS_CC_BY_NC_ND,"http://ubongo.co","akili and me - letter j","/video/34.m4v",M4V
35,video/mp4,CREATIVE_COMMONS_CC_BY_NC_ND,"http://ubongo.co","akili and me - letter k","/video/35.m4v",M4V
36,video/mp4,CREATIVE_COMMONS_CC_BY_NC_ND,"http://ubongo.co","akili and me - letter l","/video/36.m4v",M4V
43,video/mp4,CREATIVE_COMMONS_CC_BY_NC_ND,"https://toolkits.ubongo.org/2019/07/29/counting-to-10/"," count to ten with me","/video/43.mp4",MP4
