id,text,allophone_ids,allophone_values_ipa,usage_count,word_type,spelling_consistency,root_word_id,root_word_text
1,ang,"[1,3]","[""ɑ"",""ŋ""]",441,,HIGHLY_NON_PHONEMIC,,
4,sa,"[2,1]","[""s"",""ɑ""]",264,,PERFECT,,
137,ng,"[5,1,3]","[""n"",""ɑ"",""ŋ""]",244,,HIGHLY_NON_PHONEMIC,,
3,na,"[5,1]","[""n"",""ɑ""]",235,,PERFECT,,
2,ay,"[1,10]","[""ɑ"",""j""]",202,,PERFECT,,
5,at,"[1,7]","[""ɑ"",""t""]",158,,PERFECT,,
6,si,"[2,4]","[""s"",""iː""]",141,,PERFECT,,
8,ni,"[5,4]","[""n"",""iː""]",132,,PERFECT,,
143,mga,"[16,1,3,1,8]","[""m"",""ɑ"",""ŋ"",""ɑ"",""ː""]",127,,NON_PHONEMIC,,
13,hindi,"[19,14,5,18,17,4]","[""h"",""ɪ"",""n"",""ˈ"",""d"",""iː""]",80,,PERFECT,,
10,isang,"[14,18,2,1,3]","[""ɪ"",""ˈ"",""s"",""ɑ"",""ŋ""]",68,NUMBER,PHONEMIC,,
179,niya,"[5,14,18,10,1,8]","[""n"",""ɪ"",""ˈ"",""j"",""ɑ"",""ː""]",64,,PERFECT,,
23,siya,"[24,1]","[""ʃ"",""ɑ""]",64,PRONOUN,HIGHLY_NON_PHONEMIC,,
7,aso,"[1,8,2,6]","[""ɑ"",""ː"",""s"",""ɔ""]",52,NOUN,PERFECT,,
227,ito,"[14,18,7,6,8]","[""ɪ"",""ˈ"",""t"",""ɔ"",""ː""]",50,,PERFECT,,
24,ko,"[15,6]","[""k"",""ɔ""]",45,,PERFECT,,
9,pusa,"[9,11,2,1]","[""p"",""u"",""s"",""ɑ""]",45,NOUN,PERFECT,,
14,ako,"[1,15,6,8]","[""ɑ"",""k"",""ɔ"",""ː""]",44,,PERFECT,,
12,sila,"[2,14,18,13,1,8]","[""s"",""ɪ"",""ˈ"",""l"",""ɑ"",""ː""]",44,,PERFECT,,
152,ngunit,"[3,11,8,5,14,7]","[""ŋ"",""u"",""ː"",""n"",""ɪ"",""t""]",35,,PHONEMIC,,
264,kaya,"[15,1,8,10,1]","[""k"",""ɑ"",""ː"",""j"",""ɑ""]",34,,PERFECT,,
110,kung,"[18,15,11,3]","[""ˈ"",""k"",""u"",""ŋ""]",34,,PERFECT,,
228,mo,"[16,6,8]","[""m"",""ɔ"",""ː""]",33,,PERFECT,,
145,kaniyang,"[15,1,5,14,18,10,1,3]","[""k"",""ɑ"",""n"",""ɪ"",""ˈ"",""j"",""ɑ"",""ŋ""]",32,,PHONEMIC,,
90,may,"[16,1,10]","[""m"",""ɑ"",""j""]",32,,PERFECT,,
249,gusto,"[22,11,2,18,7,6,8]","[""g"",""u"",""s"",""ˈ"",""t"",""ɔ"",""ː""]",31,VERB,PERFECT,,
11,paruparo,"[9,1,12,11,9,1,12,6]","[""p"",""ɑ"",""r"",""u"",""p"",""ɑ"",""r"",""ɔ""]",31,NOUN,PERFECT,,
95,ano,"[1,5,6]","[""ɑ"",""n"",""ɔ""]",30,,PERFECT,,
94,ba,"[20,1]","[""b"",""ɑ""]",30,,PERFECT,,
267,pa,"[9,1]","[""p"",""ɑ""]",27,,PERFECT,,
15,puno,"[9,11,5,6]","[""p"",""u"",""n"",""ɔ""]",27,NOUN,PERFECT,,
26,araw,"[1,12,1,23]","[""ɑ"",""r"",""ɑ"",""w""]",26,NOUN,PERFECT,,
243,rin,"[12,14,5]","[""r"",""ɪ"",""n""]",25,,PERFECT,,
192,kanyang,"[15,1,41,1,3]","[""k"",""ɑ"",""ɲ"",""ɑ"",""ŋ""]",22,,PHONEMIC,,
22,para,"[9,1,12,1]","[""p"",""ɑ"",""r"",""ɑ""]",22,,PERFECT,,
21,nakita,"[5,1,15,4,7,1]","[""n"",""ɑ"",""k"",""iː"",""t"",""ɑ""]",21,VERB,PERFECT,106,makita
187,nang,"[5,1,3]","[""n"",""ɑ"",""ŋ""]",21,,NON_PHONEMIC,,
226,ngayon,"[3,1,18,10,6,8,5]","[""ŋ"",""ɑ"",""ˈ"",""j"",""ɔ"",""ː"",""n""]",21,,PHONEMIC,,
165,habang,"[19,1,8,20,1,3]","[""h"",""ɑ"",""ː"",""b"",""ɑ"",""ŋ""]",20,,HIGHLY_PHONEMIC,,
433,sanggol,"[2,1,3,22,6,13]","[""s"",""ɑ"",""ŋ"",""g"",""ɔ"",""l""]",20,NOUN,PHONEMIC,,
394,tuna,"[7,11,5,1]","[""t"",""u"",""n"",""ɑ""]",20,NOUN,PERFECT,,
363,bola,"[20,6,8,13,1]","[""b"",""ɔ"",""ː"",""l"",""ɑ""]",19,NOUN,PERFECT,,
16,pero,"[9,21,12,6]","[""p"",""ɛ"",""r"",""ɔ""]",18,,PERFECT,,
225,wala,"[23,1,13,1,8]","[""w"",""ɑ"",""l"",""ɑ"",""ː""]",18,,PERFECT,,
37,kong,"[15,6,3]","[""k"",""ɔ"",""ŋ""]",17,,PERFECT,,
91,lang,"[13,1,3]","[""l"",""ɑ"",""ŋ""]",17,,NON_PHONEMIC,,
102,nakakalipad,"[5,1,15,1,15,1,13,4,9,1,17]","[""n"",""ɑ"",""k"",""ɑ"",""k"",""ɑ"",""l"",""iː"",""p"",""ɑ"",""d""]",17,VERB,PERFECT,,
271,sabi,"[2,1,8,20,14]","[""s"",""ɑ"",""ː"",""b"",""ɪ""]",17,,PERFECT,,
141,sina,"[2,14,5,1,8]","[""s"",""ɪ"",""n"",""ɑ"",""ː""]",17,,PERFECT,,
230,aking,"[1,8,15,14,3]","[""ɑ"",""ː"",""k"",""ɪ"",""ŋ""]",16,,PHONEMIC,,
89,iyon,"[14,10,6,5]","[""ɪ"",""j"",""ɔ"",""n""]",16,,PERFECT,,
314,kalawakan,"[15,1,13,1,23,1,8,15,1,5]","[""k"",""ɑ"",""l"",""ɑ"",""w"",""ɑ"",""ː"",""k"",""ɑ"",""n""]",16,NOUN,PERFECT,,
395,lumot,"[13,11,8,16,6,7]","[""l"",""u"",""ː"",""m"",""ɔ"",""t""]",16,NOUN,PERFECT,,
184,munting,"[16,11,5,18,7,14,3]","[""m"",""u"",""n"",""ˈ"",""t"",""ɪ"",""ŋ""]",16,ADJECTIVE,PHONEMIC,,
112,siyang,"[24,1,3]","[""ʃ"",""ɑ"",""ŋ""]",16,,HIGHLY_NON_PHONEMIC,23,siya
139,elepante,"[21,13,21,18,9,1,8,5,7,21]","[""ɛ"",""l"",""ɛ"",""ˈ"",""p"",""ɑ"",""ː"",""n"",""t"",""ɛ""]",15,NOUN,PERFECT,,
138,tubig,"[7,11,8,20,14,22]","[""t"",""u"",""ː"",""b"",""ɪ"",""g""]",15,NOUN,PERFECT,,
296,upang,"[11,8,9,1,3]","[""u"",""ː"",""p"",""ɑ"",""ŋ""]",15,,PHONEMIC,,
378,din,"[17,14,5]","[""d"",""ɪ"",""n""]",14,,PERFECT,,
294,tumakbo,"[7,11,16,1,15,18,20,6,8]","[""t"",""u"",""m"",""ɑ"",""k"",""ˈ"",""b"",""ɔ"",""ː""]",14,VERB,PERFECT,,
396,dagat,"[17,1,8,22,1,7]","[""d"",""ɑ"",""ː"",""g"",""ɑ"",""t""]",13,NOUN,PERFECT,,
31,isa,"[14,2,1]","[""ɪ"",""s"",""ɑ""]",13,NUMBER,PERFECT,,
438,iskuwirel,"[14,2,15,11,23,4,12,38,13]","[""ɪ"",""s"",""k"",""u"",""w"",""iː"",""r"",""ə"",""l""]",13,NOUN,PERFECT,,
304,mabilis,"[16,1,20,14,18,13,4,2]","[""m"",""ɑ"",""b"",""ɪ"",""ˈ"",""l"",""iː"",""s""]",13,ADJECTIVE,PERFECT,,
38,maging,"[16,1,22,4,3]","[""m"",""ɑ"",""g"",""iː"",""ŋ""]",13,VERB,PHONEMIC,,
315,mula,"[16,11,18,13,1]","[""m"",""u"",""ˈ"",""l"",""ɑ""]",13,PREPOSITION,PERFECT,,
142,nakikita,"[5,1,15,14,18,15,4,7,1]","[""n"",""ɑ"",""k"",""ɪ"",""ˈ"",""k"",""iː"",""t"",""ɑ""]",13,VERB,PERFECT,106,makita
55,tatay,"[7,1,7,1,10]","[""t"",""ɑ"",""t"",""ɑ"",""j""]",13,NOUN,PERFECT,,
97,akong,"[1,15,6,3]","[""ɑ"",""k"",""ɔ"",""ŋ""]",12,,PHONEMIC,,
357,bata,"[20,1,8,7,1]","[""b"",""ɑ"",""ː"",""t"",""ɑ""]",12,NOUN,PERFECT,,
291,dalawang,"[17,1,13,1,18,23,1,8,3]","[""d"",""ɑ"",""l"",""ɑ"",""ˈ"",""w"",""ɑ"",""ː"",""ŋ""]",12,NUMBER,PHONEMIC,30,dalawa
276,itong,"[14,18,7,6,8,3]","[""ɪ"",""ˈ"",""t"",""ɔ"",""ː"",""ŋ""]",12,,PHONEMIC,227,ito
229,ka,"[15,1]","[""k"",""ɑ""]",12,,PERFECT,,
164,nila,"[5,14,13,1,8]","[""n"",""ɪ"",""l"",""ɑ"",""ː""]",12,,PERFECT,,
358,tanong,"[7,1,18,5,6,8,3]","[""t"",""ɑ"",""ˈ"",""n"",""ɔ"",""ː"",""ŋ""]",12,NOUN,PHONEMIC,,
415,kay,"[15,1,10]","[""k"",""ɑ"",""j""]",11,PREPOSITION,PERFECT,,
186,bibe,"[20,4,20,38]","[""b"",""iː"",""b"",""ə""]",10,NOUN,PERFECT,,
241,bituin,"[20,14,7,11,18,4,5]","[""b"",""ɪ"",""t"",""u"",""ˈ"",""iː"",""n""]",10,NOUN,PERFECT,,
386,dito,"[17,4,7,6]","[""d"",""iː"",""t"",""ɔ""]",10,,PERFECT,,
436,gabi,"[22,1,18,20,4]","[""g"",""ɑ"",""ˈ"",""b"",""iː""]",10,NOUN,PERFECT,,
19,ibon,"[4,20,6,5]","[""iː"",""b"",""ɔ"",""n""]",10,NOUN,PERFECT,,
390,kahit,"[15,1,8,19,14,7]","[""k"",""ɑ"",""ː"",""h"",""ɪ"",""t""]",10,,PERFECT,,
252,kailangan,"[15,1,14,13,1,8,3,1,5]","[""k"",""ɑ"",""ɪ"",""l"",""ɑ"",""ː"",""ŋ"",""ɑ"",""n""]",10,,PHONEMIC,,
218,lumangoy,"[13,11,16,1,3,6,10]","[""l"",""u"",""m"",""ɑ"",""ŋ"",""ɔ"",""j""]",10,VERB,HIGHLY_PHONEMIC,,
377,lumipad,"[13,11,16,14,18,9,1,8,17]","[""l"",""u"",""m"",""ɪ"",""ˈ"",""p"",""ɑ"",""ː"",""d""]",10,VERB,PERFECT,,
388,maglaro,"[16,1,22,13,1,18,12,6,8]","[""m"",""ɑ"",""g"",""l"",""ɑ"",""ˈ"",""r"",""ɔ"",""ː""]",10,VERB,PERFECT,,
385,naku,"[5,1,18,15,11,8]","[""n"",""ɑ"",""ˈ"",""k"",""u"",""ː""]",10,,PERFECT,,
278,nasa,"[5,1,8,2,1]","[""n"",""ɑ"",""ː"",""s"",""ɑ""]",10,,PERFECT,,
382,silang,"[2,4,13,1,3]","[""s"",""iː"",""l"",""ɑ"",""ŋ""]",10,NOUN,PHONEMIC,,
18,sino,"[2,4,5,6]","[""s"",""iː"",""n"",""ɔ""]",10,,PERFECT,,
185,sisiw,"[2,4,2,14,23]","[""s"",""iː"",""s"",""ɪ"",""w""]",10,NOUN,PERFECT,,
200,alam,"[1,13,1,8,16]","[""ɑ"",""l"",""ɑ"",""ː"",""m""]",9,,PERFECT,,
274,baboy,"[20,1,8,20,6,10]","[""b"",""ɑ"",""ː"",""b"",""ɔ"",""j""]",9,NOUN,PERFECT,,
359,batang,"[20,1,8,7,1,3]","[""b"",""ɑ"",""ː"",""t"",""ɑ"",""ŋ""]",9,NOUN,PHONEMIC,357,bata
17,batubato,"[20,1,8,7,11,20,1,8,7,6]","[""b"",""ɑ"",""ː"",""t"",""u"",""b"",""ɑ"",""ː"",""t"",""ɔ""]",9,NOUN,PERFECT,,
134,bulate,"[20,11,13,1,8,7,21]","[""b"",""u"",""l"",""ɑ"",""ː"",""t"",""ɛ""]",9,NOUN,PERFECT,,
259,buong,"[20,11,18,6,3]","[""b"",""u"",""ˈ"",""ɔ"",""ŋ""]",9,ADJECTIVE,PHONEMIC,,
265,enerhiya,"[21,5,38,12,18,19,4,10,1]","[""ɛ"",""n"",""ə"",""r"",""ˈ"",""h"",""iː"",""j"",""ɑ""]",9,NOUN,PERFECT,,
342,gamit,"[22,1,8,16,14,7]","[""g"",""ɑ"",""ː"",""m"",""ɪ"",""t""]",9,NOUN,PERFECT,,
367,kulay,"[15,11,8,13,1,10]","[""k"",""u"",""ː"",""l"",""ɑ"",""j""]",9,NOUN,PERFECT,,
20,lahat,"[13,1,19,1,7]","[""l"",""ɑ"",""h"",""ɑ"",""t""]",9,,PERFECT,,
331,lamang,"[13,1,8,16,1,3]","[""l"",""ɑ"",""ː"",""m"",""ɑ"",""ŋ""]",9,ADVERB,PHONEMIC,,
434,niyang,"[5,14,18,10,1,3]","[""n"",""ɪ"",""ˈ"",""j"",""ɑ"",""ŋ""]",9,PRONOUN,PHONEMIC,,
403,o,[6],"[""ɔ""]",9,,PERFECT,,
113,paa,"[9,1,27,1,8]","[""p"",""ɑ"",""."",""ɑ"",""ː""]",9,NOUN,PERFECT,,
343,paalam,"[9,1,1,8,13,1,16]","[""p"",""ɑ"",""ɑ"",""ː"",""l"",""ɑ"",""m""]",9,,PERFECT,,
374,pagkatapos,"[9,29,22,1,7,1,8,9,6,7]","[""p"",""ʔ"",""g"",""ɑ"",""t"",""ɑ"",""ː"",""p"",""ɔ"",""t""]",9,,PERFECT,,
375,papunta,"[9,1,9,34,5,18,7,1,8]","[""p"",""ɑ"",""p"",""v"",""n"",""ˈ"",""t"",""ɑ"",""ː""]",9,,PERFECT,,
412,pulang,"[9,11,18,13,1,8,3]","[""p"",""u"",""ˈ"",""l"",""ɑ"",""ː"",""ŋ""]",9,ADJECTIVE,PHONEMIC,411,pula
262,saan,"[2,1,18,1,8,5]","[""s"",""ɑ"",""ˈ"",""ɑ"",""ː"",""n""]",9,,PERFECT,,
414,sinabing,"[2,14,5,1,8,20,14,3]","[""s"",""ɪ"",""n"",""ɑ"",""ː"",""b"",""ɪ"",""ŋ""]",9,VERB,PHONEMIC,413,sabihin
140,sumbrero,"[2,11,16,18,20,12,21,8,12,6]","[""s"",""u"",""m"",""ˈ"",""b"",""r"",""ɛ"",""ː"",""r"",""ɔ""]",9,NOUN,PERFECT,,
43,tayo,"[7,1,10,6]","[""t"",""ɑ"",""j"",""ɔ""]",9,,PERFECT,,
399,wakas,"[23,1,18,15,1,8,2]","[""w"",""ɑ"",""ˈ"",""k"",""ɑ"",""ː"",""s""]",9,NOUN,PERFECT,,
360,binti,"[20,14,5,7,4]","[""b"",""ɪ"",""n"",""t"",""iː""]",8,NOUN,PERFECT,,
383,ilalim,"[14,13,1,8,13,14,16]","[""ɪ"",""l"",""ɑ"",""ː"",""l"",""ɪ"",""m""]",8,ADJECTIVE,PERFECT,,
348,iyong,"[14,10,6,3]","[""ɪ"",""j"",""ɔ"",""ŋ""]",8,PRONOUN,PHONEMIC,,
40,kaibigan,"[15,1,14,20,4,22,1,5]","[""k"",""ɑ"",""ɪ"",""b"",""iː"",""g"",""ɑ"",""n""]",8,NOUN,PERFECT,,
401,kapatid,"[15,1,9,1,18,7,4,17]","[""k"",""ɑ"",""p"",""ɑ"",""ˈ"",""t"",""iː"",""d""]",8,NOUN,PERFECT,,
366,kinuha,"[15,14,5,11,8,19,1]","[""k"",""ɪ"",""n"",""u"",""ː"",""h"",""ɑ""]",8,VERB,PERFECT,,
160,langgam,"[13,1,3,18,22,1,8,16]","[""l"",""ɑ"",""ŋ"",""ˈ"",""g"",""ɑ"",""ː"",""m""]",8,NOUN,PERFECT,,
398,liwanag,"[13,14,23,1,8,5,1,22]","[""l"",""ɪ"",""w"",""ɑ"",""ː"",""n"",""ɑ"",""g""]",8,NOUN,PERFECT,,
400,nito,"[5,14,18,7,6,8]","[""n"",""ɪ"",""ˈ"",""t"",""ɔ"",""ː""]",8,,PERFECT,,
435,paaralan,"[18,9,1,27,1,12,1,18,13,1,8,5]","[""ˈ"",""p"",""ɑ"",""."",""ɑ"",""r"",""ɑ"",""ˈ"",""l"",""ɑ"",""ː"",""n""]",8,NOUN,PERFECT,,
361,sadyang,"[2,1,17,10,1,3]","[""s"",""ɑ"",""d"",""j"",""ɑ"",""ŋ""]",8,,PHONEMIC,,
397,sagot,"[2,1,18,22,6,8,7]","[""s"",""ɑ"",""ˈ"",""g"",""ɔ"",""ː"",""t""]",8,NOUN,PERFECT,,
392,sobrang,"[2,6,8,20,12,1,3]","[""s"",""ɔ"",""ː"",""b"",""r"",""ɑ"",""ŋ""]",8,,PHONEMIC,,
350,bahay,"[20,1,8,19,1,10]","[""b"",""ɑ"",""ː"",""h"",""ɑ"",""j""]",7,NOUN,PERFECT,,
365,binigyan,"[20,14,5,14,22,18,10,1,8,5]","[""b"",""ɪ"",""n"",""ɪ"",""g"",""ˈ"",""j"",""ɑ"",""ː"",""n""]",7,VERB,PERFECT,,
30,dalawa,"[17,1,13,1,23,1]","[""d"",""ɑ"",""l"",""ɑ"",""w"",""ɑ""]",7,NUMBER,PERFECT,,
27,damit,"[17,1,16,4,7]","[""d"",""ɑ"",""m"",""iː"",""t""]",7,NOUN,PERFECT,,
431,hanggang,"[19,1,3,18,22,1,8,3]","[""h"",""ɑ"",""ŋ"",""ˈ"",""g"",""ɑ"",""ː"",""ŋ""]",7,PREPOSITION,,,
144,ina,"[14,5,1,8]","[""ɪ"",""n"",""ɑ"",""ː""]",7,NOUN,PERFECT,,
416,kaniya,"[15,1,5,14,18,10,1,46]","[""k"",""ɑ"",""n"",""ɪ"",""ˈ"",""j"",""ɑ"",""ˌ""]",7,PRONOUN,PERFECT,,
260,maaari,"[16,1,27,1,27,1,8,12,14]","[""m"",""ɑ"",""."",""ɑ"",""."",""ɑ"",""ː"",""r"",""ɪ""]",7,ADJECTIVE,PERFECT,,
109,makakasayaw,"[16,1,18,15,1,8,15,1,2,1,18,10,1,8,23]","[""m"",""ɑ"",""ˈ"",""k"",""ɑ"",""ː"",""k"",""ɑ"",""s"",""ɑ"",""ˈ"",""j"",""ɑ"",""ː"",""w""]",7,VERB,PERFECT,108,sayaw
104,naging,"[5,1,18,22,14,3]","[""n"",""ɑ"",""ˈ"",""g"",""ɪ"",""ŋ""]",7,VERB,PHONEMIC,38,maging
393,naman,"[5,1,18,16,1,8,5]","[""n"",""ɑ"",""ˈ"",""m"",""ɑ"",""ː"",""n""]",7,,PERFECT,,
362,napakalamig,"[5,1,9,1,15,1,13,1,18,16,4,22]","[""n"",""ɑ"",""p"",""ɑ"",""k"",""ɑ"",""l"",""ɑ"",""ˈ"",""m"",""iː"",""g""]",7,ADJECTIVE,PERFECT,,
88,pala,"[9,1,13,1]","[""p"",""ɑ"",""l"",""ɑ""]",7,,PERFECT,,
364,pares,"[9,1,8,12,38,2]","[""p"",""ɑ"",""ː"",""r"",""ə"",""s""]",7,NOUN,PERFECT,,
417,po,"[9,6,8]","[""p"",""ɔ"",""ː""]",7,,PERFECT,,
111,sasayaw,"[2,1,8,2,1,18,10,1,8,23]","[""s"",""ɑ"",""ː"",""s"",""ɑ"",""ˈ"",""j"",""ɑ"",""ː"",""w""]",7,VERB,PERFECT,108,sayaw
25,tigre,"[7,4,22,12,21]","[""t"",""iː"",""g"",""r"",""ɛ""]",7,NOUN,PERFECT,,
263,tingnan,"[7,14,3,18,5,1,8,5]","[""t"",""ɪ"",""ŋ"",""ˈ"",""n"",""ɑ"",""ː"",""n""]",7,VERB,PHONEMIC,,
216,tumalon,"[7,11,16,1,13,6,8,5]","[""t"",""u"",""m"",""ɑ"",""l"",""ɔ"",""ː"",""n""]",7,VERB,PERFECT,,
387,bang,"[20,1,3]","[""b"",""ɑ"",""ŋ""]",6,,NON_PHONEMIC,,
439,dahil,"[17,236,19,14,13]","[""d"",""ɑː"",""h"",""ɪ"",""l""]",6,,PERFECT,,
133,dapat,"[17,1,8,9,1,7]","[""d"",""ɑ"",""ː"",""p"",""ɑ"",""t""]",6,,PERFECT,,
223,doon,"[17,6,27,6,8,5]","[""d"",""ɔ"",""."",""ɔ"",""ː"",""n""]",6,,PERFECT,,
232,ibabaw,"[14,20,1,8,20,1,23]","[""ɪ"",""b"",""ɑ"",""ː"",""b"",""ɑ"",""w""]",6,NOUN,PERFECT,,
404,ingay,"[4,3,1,10]","[""iː"",""ŋ"",""ɑ"",""j""]",6,NOUN,PHONEMIC,,
150,kabayo,"[15,1,18,20,1,8,10,6]","[""k"",""ɑ"",""ˈ"",""b"",""ɑ"",""ː"",""j"",""ɔ""]",6,NOUN,PERFECT,,
248,kamay,"[15,1,18,16,1,8,10]","[""k"",""ɑ"",""ˈ"",""m"",""ɑ"",""ː"",""j""]",6,NOUN,PERFECT,,
36,kami,"[15,1,16,4]","[""k"",""ɑ"",""m"",""iː""]",6,,PERFECT,,
281,kapag,"[15,1,18,9,1,8,22]","[""k"",""ɑ"",""ˈ"",""p"",""ɑ"",""ː"",""g""]",6,,PERFECT,,
297,makipagkita,"[16,1,15,14,9,1,22,15,4,7,1]","[""m"",""ɑ"",""k"",""ɪ"",""p"",""ɑ"",""g"",""k"",""iː"",""t"",""ɑ""]",6,VERB,PERFECT,,
402,malaking,"[16,1,13,1,18,15,4,3]","[""m"",""ɑ"",""l"",""ɑ"",""ˈ"",""k"",""iː"",""ŋ""]",6,ADJECTIVE,PHONEMIC,32,malaki
437,masaya,"[16,2,18,10,1,8]","[""m"",""s"",""ˈ"",""j"",""ɑ"",""ː""]",6,ADJECTIVE,PERFECT,,
116,nakakita,"[5,1,15,1,18,15,4,7,1]","[""n"",""ɑ"",""k"",""ɑ"",""ˈ"",""k"",""iː"",""t"",""ɑ""]",6,VERB,PERFECT,115,makakita
41,nanay,"[5,1,5,25]","[""n"",""ɑ"",""n"",""ɑɪ""]",6,NOUN,PERFECT,,
266,nasaan,"[18,5,1,8,2,1,18,1,8,5]","[""ˈ"",""n"",""ɑ"",""ː"",""s"",""ɑ"",""ˈ"",""ɑ"",""ː"",""n""]",6,,PERFECT,,
432,paano,"[9,1,1,8,5,6]","[""p"",""ɑ"",""ɑ"",""ː"",""n"",""ɔ""]",6,ADVERB,PERFECT,,
421,takot,"[7,1,8,15,6,7]","[""t"",""ɑ"",""ː"",""k"",""ɔ"",""t""]",6,NOUN,PERFECT,,
28,tumutulong,"[7,11,16,11,7,11,13,6,3]","[""t"",""u"",""m"",""u"",""t"",""u"",""l"",""ɔ"",""ŋ""]",6,,HIGHLY_PHONEMIC,,
268,umalis,"[11,16,1,18,13,4,2]","[""u"",""m"",""ɑ"",""ˈ"",""l"",""iː"",""s""]",6,VERB,PERFECT,,
319,aklat,"[1,15,18,13,1,7]","[""ɑ"",""k"",""ˈ"",""l"",""ɑ"",""t""]",5,NOUN,PERFECT,,
356,anong,"[1,18,5,6,8,3]","[""ɑ"",""ˈ"",""n"",""ɔ"",""ː"",""ŋ""]",5,,PHONEMIC,95,ano
29,apat,"[1,9,1,7]","[""ɑ"",""p"",""ɑ"",""t""]",5,NUMBER,PERFECT,,
426,ayaw,"[1,8,10,1,23]","[""ɑ"",""ː"",""j"",""ɑ"",""w""]",5,VERB,PERFECT,,
289,bagong,"[20,1,8,22,6,3]","[""b"",""ɑ"",""ː"",""g"",""ɔ"",""ŋ""]",5,ADJECTIVE,PHONEMIC,,
132,bumalik,"[20,11,16,1,13,4,15]","[""b"",""u"",""m"",""ɑ"",""l"",""iː"",""k""]",5,VERB,PERFECT,,
119,hinabol,"[19,14,5,1,8,20,6,13]","[""h"",""ɪ"",""n"",""ɑ"",""ː"",""b"",""ɔ"",""l""]",5,VERB,PERFECT,117,habulin
405,isdang,"[14,2,18,17,1,8,3]","[""ɪ"",""s"",""ˈ"",""d"",""ɑ"",""ː"",""ŋ""]",5,NOUN,PHONEMIC,107,isda
159,kayang,"[15,1,8,10,1,3]","[""k"",""ɑ"",""ː"",""j"",""ɑ"",""ŋ""]",5,,PHONEMIC,,
380,lalaki,"[13,1,13,1,8,15,14]","[""l"",""ɑ"",""l"",""ɑ"",""ː"",""k"",""ɪ""]",5,NOUN,PERFECT,,
242,lawa,"[13,1,8,23,1]","[""l"",""ɑ"",""ː"",""w"",""ɑ""]",5,NOUN,PERFECT,,
146,leon,"[13,21,18,6,5]","[""l"",""ɛ"",""ˈ"",""ɔ"",""n""]",5,NOUN,PERFECT,,
379,lumabas,"[13,11,16,1,18,20,1,8,2]","[""l"",""u"",""m"",""ɑ"",""ˈ"",""b"",""ɑ"",""ː"",""s""]",5,VERB,PERFECT,,
341,mabagal,"[16,8,22,13]","[""m"",""ː"",""g"",""l""]",5,ADJECTIVE,PERFECT,,
419,mahanap,"[16,1,19,1,8,5,1,9]","[""m"",""ɑ"",""h"",""ɑ"",""ː"",""n"",""ɑ"",""p""]",5,VERB,PERFECT,,
32,malaki,"[16,1,13,1,18,15,4]","[""m"",""ɑ"",""l"",""ɑ"",""ˈ"",""k"",""iː""]",5,ADJECTIVE,PERFECT,,
430,malapit,"[16,1,13,1,8,9,14,7]","[""m"",""ɑ"",""l"",""ɑ"",""ː"",""p"",""ɪ"",""t""]",5,ADJECTIVE,PERFECT,,
347,mata,"[16,1,18,7,1,8]","[""m"",""ɑ"",""ˈ"",""t"",""ɑ"",""ː""]",5,NOUN,PERFECT,,
422,naisip,"[5,1,4,2,14,9]","[""n"",""ɑ"",""iː"",""s"",""ɪ"",""p""]",5,VERB,PERFECT,420,maisip
391,napakabagal,"[5,1,9,1,15,1,20,1,8,22,1,13]","[""n"",""ɑ"",""p"",""ɑ"",""k"",""ɑ"",""b"",""ɑ"",""ː"",""g"",""ɑ"",""l""]",5,ADJECTIVE,PERFECT,341,mabagal
34,natatakot,"[5,1,7,1,7,1,15,6,7]","[""n"",""ɑ"",""t"",""ɑ"",""t"",""ɑ"",""k"",""ɔ"",""t""]",5,ADJECTIVE,PERFECT,,
201,natin,"[5,1,8,7,14,5]","[""n"",""ɑ"",""ː"",""t"",""ɪ"",""n""]",5,,PERFECT,,
279,oras,"[6,8,12,1,2]","[""ɔ"",""ː"",""r"",""ɑ"",""s""]",5,NOUN,PERFECT,,
418,pinakailalim,"[9,14,5,1,15,1,14,13,1,8,13,14,16]","[""p"",""ɪ"",""n"",""ɑ"",""k"",""ɑ"",""ɪ"",""l"",""ɑ"",""ː"",""l"",""ɪ"",""m""]",5,ADJECTIVE,PERFECT,,
321,ring,"[12,14,3]","[""r"",""ɪ"",""ŋ""]",5,,NON_PHONEMIC,,
376,sapatos,"[2,1,9,1,8,7,6,2]","[""s"",""ɑ"",""p"",""ɑ"",""ː"",""t"",""ɔ"",""s""]",5,NOUN,PERFECT,,
373,sombrero,"[2,6,16,20,12,21,8,12,6]","[""s"",""ɔ"",""m"",""b"",""r"",""ɛ"",""ː"",""r"",""ɔ""]",5,NOUN,PERFECT,,
381,sumisid,"[2,11,16,4,2,14,17]","[""s"",""u"",""m"",""iː"",""s"",""ɪ"",""d""]",5,VERB,PERFECT,,
136,tata,"[7,1,8,7,1]","[""t"",""ɑ"",""ː"",""t"",""ɑ""]",5,NOUN,PERFECT,,
135,toto,"[7,6,8,7,6]","[""t"",""ɔ"",""ː"",""t"",""ɔ""]",5,NOUN,PERFECT,,
211,umiiyak,"[11,16,14,27,4,10,1,15]","[""u"",""m"",""ɪ"",""."",""iː"",""j"",""ɑ"",""k""]",5,VERB,PERFECT,210,umiyak
424,aming,"[1,8,16,14,3]","[""ɑ"",""ː"",""m"",""ɪ"",""ŋ""]",4,PRONOUN,PHONEMIC,425,amin
340,bag,"[20,1,22]","[""b"",""ɑ"",""g""]",4,NOUN,PERFECT,,
183,binilang,"[20,14,5,4,13,1,3]","[""b"",""ɪ"",""n"",""iː"",""l"",""ɑ"",""ŋ""]",4,VERB,PHONEMIC,182,bilangin
406,dyaket,"[31,1,8,15,38,7]","[""dʒ"",""ɑ"",""ː"",""k"",""ə"",""t""]",4,NOUN,PHONEMIC,,
293,gawin,"[22,1,18,23,4,5]","[""g"",""ɑ"",""ˈ"",""w"",""iː"",""n""]",4,VERB,PERFECT,,
118,hinahabol,"[19,14,5,1,18,19,1,8,20,6,13]","[""h"",""ɪ"",""n"",""ɑ"",""ˈ"",""h"",""ɑ"",""ː"",""b"",""ɔ"",""l""]",4,VERB,PERFECT,117,habulin
107,isda,"[14,2,18,17,1]","[""ɪ"",""s"",""ˈ"",""d"",""ɑ""]",4,NOUN,PERFECT,,
368,kang,"[15,1,3]","[""k"",""ɑ"",""ŋ""]",4,,NON_PHONEMIC,,
49,kuya,"[15,11,10,1]","[""k"",""u"",""j"",""ɑ""]",4,NOUN,PERFECT,,
410,larawan,"[13,1,12,1,8,23,1,5]","[""l"",""ɑ"",""r"",""ɑ"",""ː"",""w"",""ɑ"",""n""]",4,NOUN,PERFECT,,
407,likuran,"[13,14,15,11,18,12,1,8,5]","[""l"",""ɪ"",""k"",""u"",""ˈ"",""r"",""ɑ"",""ː"",""n""]",4,NOUN,PERFECT,,
114,makikita,"[16,1,15,14,18,15,4,8,7,1]","[""m"",""ɑ"",""k"",""ɪ"",""ˈ"",""k"",""iː"",""ː"",""t"",""ɑ""]",4,VERB,PERFECT,106,makita
106,makita,"[16,1,18,15,4,8,7,1]","[""m"",""ɑ"",""ˈ"",""k"",""iː"",""ː"",""t"",""ɑ""]",4,VERB,PERFECT,,
33,maliit,"[16,1,13,4,14,7]","[""m"",""ɑ"",""l"",""iː"",""ɪ"",""t""]",4,ADJECTIVE,PERFECT,,
372,manok,"[16,1,18,5,6,8,15]","[""m"",""ɑ"",""ˈ"",""n"",""ɔ"",""ː"",""k""]",4,NOUN,PERFECT,,
76,matulog,"[16,1,7,11,13,6,22]","[""m"",""ɑ"",""t"",""u"",""l"",""ɔ"",""g""]",4,VERB,PERFECT,,
389,naglakad,"[5,1,22,13,1,18,15,1,8,17]","[""n"",""ɑ"",""g"",""l"",""ɑ"",""ˈ"",""k"",""ɑ"",""ː"",""d""]",4,VERB,PERFECT,384,maglakad
316,nais,"[5,1,8,14,2]","[""n"",""ɑ"",""ː"",""ɪ"",""s""]",4,NOUN,PERFECT,,
156,nakakalakad,"[5,1,18,15,1,8,15,1,13,1,8,15,1,17]","[""n"",""ɑ"",""ˈ"",""k"",""ɑ"",""ː"",""k"",""ɑ"",""l"",""ɑ"",""ː"",""k"",""ɑ"",""d""]",4,VERB,PERFECT,155,makalakad
408,napakabilis,"[5,1,9,1,15,1,20,14,18,13,4,2]","[""n"",""ɑ"",""p"",""ɑ"",""k"",""ɑ"",""b"",""ɪ"",""ˈ"",""l"",""iː"",""s""]",4,ADJECTIVE,PERFECT,,
121,naupo,"[5,1,11,9,6,8]","[""n"",""ɑ"",""u"",""p"",""ɔ"",""ː""]",4,VERB,PERFECT,120,maupo
409,pagkain,"[9,1,22,15,1,8,14,5]","[""p"",""ɑ"",""g"",""k"",""ɑ"",""ː"",""ɪ"",""n""]",4,NOUN,PERFECT,,
240,palaka,"[9,1,13,1,18,15,1,8]","[""p"",""ɑ"",""l"",""ɑ"",""ˈ"",""k"",""ɑ"",""ː""]",4,NOUN,PERFECT,,
427,pantalon,"[9,1,5,7,1,18,13,6,8,5]","[""p"",""ɑ"",""n"",""t"",""ɑ"",""ˈ"",""l"",""ɔ"",""ː"",""n""]",4,NOUN,PERFECT,,
199,parang,"[9,1,8,12,1,3]","[""p"",""ɑ"",""ː"",""r"",""ɑ"",""ŋ""]",4,,HIGHLY_PHONEMIC,,
188,patuloy,"[9,1,7,11,8,13,37]","[""p"",""ɑ"",""t"",""u"",""ː"",""l"",""ɔɪ""]",4,,PERFECT,,
429,planeta,"[9,13,1,5,21,8,7,1]","[""p"",""l"",""ɑ"",""n"",""ɛ"",""ː"",""t"",""ɑ""]",4,NOUN,PERFECT,,
181,plastik,"[9,13,1,8,2,7,14,15]","[""p"",""l"",""ɑ"",""ː"",""s"",""t"",""ɪ"",""k""]",4,NOUN,PERFECT,,
349,salamin,"[2,1,13,1,18,16,4,5]","[""s"",""ɑ"",""l"",""ɑ"",""ˈ"",""m"",""iː"",""n""]",4,NOUN,PERFECT,,
309,sasakyang,"[2,1,2,1,15,18,10,1,8,3]","[""s"",""ɑ"",""s"",""ɑ"",""k"",""ˈ"",""j"",""ɑ"",""ː"",""ŋ""]",4,NOUN,PHONEMIC,308,sasakyan
39,tatlo,"[7,1,7,13,6]","[""t"",""ɑ"",""t"",""l"",""ɔ""]",4,NUMBER,PERFECT,,
203,tawag,"[7,1,8,23,1,22]","[""t"",""ɑ"",""ː"",""w"",""ɑ"",""g""]",4,,PERFECT,,
428,tsaleko,"[33,1,13,21,8,15,6]","[""tʃ"",""ɑ"",""l"",""ɛ"",""ː"",""k"",""ɔ""]",4,NOUN,HIGHLY_PHONEMIC,,
320,tutulungan,"[18,7,11,8,7,11,13,11,8,3,1,5]","[""ˈ"",""t"",""u"",""ː"",""t"",""u"",""l"",""u"",""ː"",""ŋ"",""ɑ"",""n""]",4,VERB,HIGHLY_PHONEMIC,,
207,unggoy,"[11,3,18,22,37]","[""u"",""ŋ"",""ˈ"",""g"",""ɔɪ""]",4,NOUN,PHONEMIC,,
177,walang,"[23,1,18,13,1,3]","[""w"",""ɑ"",""ˈ"",""l"",""ɑ"",""ŋ""]",4,,PHONEMIC,,
423,walong,"[23,1,18,13,6,8,3]","[""w"",""ɑ"",""ˈ"",""l"",""ɔ"",""ː"",""ŋ""]",4,NUMBER,PHONEMIC,86,walo
215,agad,"[1,22,1,8,17]","[""ɑ"",""g"",""ɑ"",""ː"",""d""]",3,,PERFECT,,
35,anim,"[1,5,14,16]","[""ɑ"",""n"",""ɪ"",""m""]",3,NUMBER,PERFECT,,
205,beses,"[20,21,8,2,38,2]","[""b"",""ɛ"",""ː"",""s"",""ə"",""s""]",3,NOUN,PERFECT,,
287,buwan,"[20,11,18,23,1,8,5]","[""b"",""u"",""ˈ"",""w"",""ɑ"",""ː"",""n""]",3,NOUN,PERFECT,,
318,daan,"[17,1,18,1,8,5]","[""d"",""ɑ"",""ˈ"",""ɑ"",""ː"",""n""]",3,NUMBER,PERFECT,,
250,di,"[17,14]","[""d"",""ɪ""]",3,,PERFECT,,
277,gustong-gusto,"[22,11,2,7,6,8,3,27,22,11,2,7,6,8]","[""g"",""u"",""s"",""t"",""ɔ"",""ː"",""ŋ"",""."",""g"",""u"",""s"",""t"",""ɔ"",""ː""]",3,,HIGHLY_PHONEMIC,,
298,kambing,"[15,1,16,18,20,4,3]","[""k"",""ɑ"",""m"",""ˈ"",""b"",""iː"",""ŋ""]",3,NOUN,PHONEMIC,,
96,krak,"[15,12,1,15]","[""k"",""r"",""ɑ"",""k""]",3,,PERFECT,,
149,kuliglig,"[15,11,13,14,22,13,4,22]","[""k"",""u"",""l"",""ɪ"",""g"",""l"",""iː"",""g""]",3,NOUN,PERFECT,,
103,kuwago,"[15,11,23,1,8,22,6]","[""k"",""u"",""w"",""ɑ"",""ː"",""g"",""ɔ""]",3,NOUN,PERFECT,,
51,lola,"[13,6,13,1]","[""l"",""ɔ"",""l"",""ɑ""]",3,NOUN,PERFECT,,
247,maabot,"[16,1,27,1,18,20,6,8,7]","[""m"",""ɑ"",""."",""ɑ"",""ˈ"",""b"",""ɔ"",""ː"",""t""]",3,VERB,PERFECT,,
346,mahika,"[18,16,1,8,19,14,18,15,1,8]","[""ˈ"",""m"",""ɑ"",""ː"",""h"",""ɪ"",""ˈ"",""k"",""ɑ"",""ː""]",3,NOUN,PERFECT,,
174,nakakakain,"[5,1,15,1,15,1,15,1,8,14,5]","[""n"",""ɑ"",""k"",""ɑ"",""k"",""ɑ"",""k"",""ɑ"",""ː"",""ɪ"",""n""]",3,,PERFECT,173,makakain
171,nakalilipad,"[5,1,15,1,8,13,14,13,14,9,1,17]","[""n"",""ɑ"",""k"",""ɑ"",""ː"",""l"",""ɪ"",""l"",""ɪ"",""p"",""ɑ"",""d""]",3,VERB,PERFECT,172,makalilipad
261,namin,"[5,1,8,16,14,5]","[""n"",""ɑ"",""ː"",""m"",""ɪ"",""n""]",3,,PERFECT,,
168,narating,"[5,1,12,1,7,4,3]","[""n"",""ɑ"",""r"",""ɑ"",""t"",""iː"",""ŋ""]",3,,HIGHLY_PHONEMIC,167,marating
42,ngayong,"[3,1,18,10,6,8,3]","[""ŋ"",""ɑ"",""ˈ"",""j"",""ɔ"",""ː"",""ŋ""]",3,,NON_PHONEMIC,,
78,pagod,"[9,1,22,6,17]","[""p"",""ɑ"",""g"",""ɔ"",""d""]",3,ADJECTIVE,PERFECT,,
302,papalayo,"[9,1,9,1,13,1,18,6]","[""p"",""ɑ"",""p"",""ɑ"",""l"",""ɑ"",""ˈ"",""ɔ""]",3,ADVERB,PERFECT,,
327,sabay,"[2,1,18,20,1,8,10]","[""s"",""ɑ"",""ˈ"",""b"",""ɑ"",""ː"",""j""]",3,ADJECTIVE,PERFECT,,
169,sanga,"[2,1,3,1,8]","[""s"",""ɑ"",""ŋ"",""ɑ"",""ː""]",3,NOUN,PHONEMIC,,
123,sinundan,"[2,14,5,11,5,17,1,8,5]","[""s"",""ɪ"",""n"",""u"",""n"",""d"",""ɑ"",""ː"",""n""]",3,VERB,PERFECT,122,sundan
255,sorbetes,"[2,6,12,20,21,8,7,38,2]","[""s"",""ɔ"",""r"",""b"",""ɛ"",""ː"",""t"",""ə"",""s""]",3,NOUN,,,
231,talaga,"[7,1,13,1,18,22,1,8]","[""t"",""ɑ"",""l"",""ɑ"",""ˈ"",""g"",""ɑ"",""ː""]",3,,PERFECT,,
148,tatlong,"[7,1,7,18,13,6,3]","[""t"",""ɑ"",""t"",""ˈ"",""l"",""ɔ"",""ŋ""]",3,,HIGHLY_PHONEMIC,39,tatlo
161,tinapay,"[7,14,18,5,1,8,9,25]","[""t"",""ɪ"",""ˈ"",""n"",""ɑ"",""ː"",""p"",""ɑɪ""]",3,NOUN,PERFECT,,
258,tren,"[7,12,21,8,5]","[""t"",""r"",""ɛ"",""ː"",""n""]",3,NOUN,PERFECT,,
299,tupa,"[7,11,8,9,1]","[""t"",""u"",""ː"",""p"",""ɑ""]",3,NOUN,PERFECT,,
303,asno,"[1,2,5,6,8]","[""ɑ"",""s"",""n"",""ɔ"",""ː""]",2,NOUN,PERFECT,,
93,balon,"[20,1,13,6,5]","[""b"",""ɑ"",""l"",""ɔ"",""n""]",2,NOUN,PERFECT,,
126,bitawan,"[20,14,18,7,1,8,23,1,5]","[""b"",""ɪ"",""ˈ"",""t"",""ɑ"",""ː"",""w"",""ɑ"",""n""]",2,VERB,PERFECT,,
125,dumungaw,"[17,11,18,16,11,8,3,1,23]","[""d"",""u"",""ˈ"",""m"",""u"",""ː"",""ŋ"",""ɑ"",""w""]",2,VERB,PHONEMIC,,
233,gaano,"[22,1,27,1,8,5,6]","[""g"",""ɑ"",""."",""ɑ"",""ː"",""n"",""ɔ""]",2,,PERFECT,,
46,gagawin,"[22,1,22,1,23,4,5]","[""g"",""ɑ"",""g"",""ɑ"",""w"",""iː"",""n""]",2,VERB,PERFECT,,
158,gumapang,"[22,11,16,1,8,9,1,3]","[""g"",""u"",""m"",""ɑ"",""ː"",""p"",""ɑ"",""ŋ""]",2,VERB,PHONEMIC,,
351,hagdan,"[19,1,22,18,17,8,1,5]","[""h"",""ɑ"",""g"",""ˈ"",""d"",""ː"",""ɑ"",""n""]",2,NOUN,PERFECT,,
339,halos,"[19,1,8,13,6,2]","[""h"",""ɑ"",""ː"",""l"",""ɔ"",""s""]",2,ADVERB,PERFECT,,
245,hawakan,"[19,23,8,15,1,5]","[""h"",""w"",""ː"",""k"",""ɑ"",""n""]",2,VERB,PERFECT,,
269,heto,"[19,21,8,7,6]","[""h"",""ɛ"",""ː"",""t"",""ɔ""]",2,,PERFECT,,
163,hinihila,"[19,14,5,14,19,4,13,1]","[""h"",""ɪ"",""n"",""ɪ"",""h"",""iː"",""l"",""ɑ""]",2,VERB,PERFECT,162,hilahin
166,hinila,"[19,14,5,4,13,1]","[""h"",""ɪ"",""n"",""iː"",""l"",""ɑ""]",2,VERB,PERFECT,162,hilahin
124,huminto,"[19,11,16,14,5,18,7,6]","[""h"",""u"",""m"",""ɪ"",""n"",""ˈ"",""t"",""ɔ""]",2,VERB,PERFECT,,
246,inunat,"[14,5,11,8,5,1,7]","[""ɪ"",""n"",""u"",""ː"",""n"",""ɑ"",""t""]",2,VERB,PERFECT,,
206,kagubatan,"[15,1,22,11,20,1,8,7,1,5]","[""k"",""ɑ"",""g"",""u"",""b"",""ɑ"",""ː"",""t"",""ɑ"",""n""]",2,NOUN,PERFECT,,
236,kataas,"[15,1,7,1,18,1,8,2]","[""k"",""ɑ"",""t"",""ɑ"",""ˈ"",""ɑ"",""ː"",""s""]",2,ADJECTIVE,PERFECT,,
219,katulad,"[15,1,7,11,8,13,1,17]","[""k"",""ɑ"",""t"",""u"",""ː"",""l"",""ɑ"",""d""]",2,ADJECTIVE,PERFECT,,
312,kumain,"[15,11,16,1,8,14,5]","[""k"",""u"",""m"",""ɑ"",""ː"",""ɪ"",""n""]",2,VERB,PERFECT,,
275,libro,"[13,14,20,12,6,8]","[""l"",""ɪ"",""b"",""r"",""ɔ"",""ː""]",2,NOUN,PERFECT,,
335,ligtas,"[13,14,22,18,7,1,8,2]","[""l"",""ɪ"",""g"",""ˈ"",""t"",""ɑ"",""ː"",""s""]",2,ADJECTIVE,PERFECT,,
52,lolo,"[13,6,13,6]","[""l"",""ɔ"",""l"",""ɔ""]",2,NOUN,PERFECT,,
371,mabuti,"[16,1,20,11,8,7,14]","[""m"",""ɑ"",""b"",""u"",""ː"",""t"",""ɪ""]",2,ADJECTIVE,PERFECT,,
197,magsalita,"[16,1,22,2,1,13,14,7,1,8]","[""m"",""ɑ"",""g"",""s"",""ɑ"",""l"",""ɪ"",""t"",""ɑ"",""ː""]",2,VERB,PERFECT,,
172,makalilipad,"[16,1,15,1,8,13,14,13,14,9,1,17]","[""m"",""ɑ"",""k"",""ɑ"",""ː"",""l"",""ɪ"",""l"",""ɪ"",""p"",""ɑ"",""d""]",2,VERB,PERFECT,,
198,nagsasalita,"[5,1,22,2,1,8,2,1,13,14,7,1,8]","[""n"",""ɑ"",""g"",""s"",""ɑ"",""ː"",""s"",""ɑ"",""l"",""ɪ"",""t"",""ɑ"",""ː""]",2,VERB,PERFECT,197,magsalita
131,nahulog,"[5,1,18,19,11,8,13,6,22]","[""n"",""ɑ"",""ˈ"",""h"",""u"",""ː"",""l"",""ɔ"",""g""]",2,,PERFECT,130,mahulog
352,nakaupo,"[5,1,15,1,11,9,6,8]","[""n"",""ɑ"",""k"",""ɑ"",""u"",""p"",""ɔ"",""ː""]",2,ADJECTIVE,PERFECT,,
244,pag-akyat,"[9,1,22,27,1,15,18,10,1,8,7]","[""p"",""ɑ"",""g"",""."",""ɑ"",""k"",""ˈ"",""j"",""ɑ"",""ː"",""t""]",2,NOUN,PERFECT,,
251,papalapit,"[9,1,18,9,1,8,13,1,9,14,7]","[""p"",""ɑ"",""ˈ"",""p"",""ɑ"",""ː"",""l"",""ɑ"",""p"",""ɪ"",""t""]",2,,PERFECT,,
151,pato,"[18,9,1,8,7,6]","[""ˈ"",""p"",""ɑ"",""ː"",""t"",""ɔ""]",2,NOUN,PERFECT,,
82,sana,"[2,1,5,1]","[""s"",""ɑ"",""n"",""ɑ""]",2,,PERFECT,,
328,sarap,"[2,1,18,12,1,8,9]","[""s"",""ɑ"",""ˈ"",""r"",""ɑ"",""ː"",""p""]",2,NOUN,PERFECT,,
254,siguro,"[2,14,22,11,8,12,6]","[""s"",""ɪ"",""g"",""u"",""ː"",""r"",""ɔ""]",2,,PERFECT,,
344,sobra-sobra,"[18,2,6,8,20,12,1,27,2,6,8,20,12,1]","[""ˈ"",""s"",""ɔ"",""ː"",""b"",""r"",""ɑ"",""."",""s"",""ɔ"",""ː"",""b"",""r"",""ɑ""]",2,ADJECTIVE,PERFECT,,
202,tulad,"[7,11,8,13,1,17]","[""t"",""u"",""ː"",""l"",""ɑ"",""d""]",2,ADJECTIVE,PERFECT,,
44,tumulong,"[7,11,16,11,13,6,3]","[""t"",""u"",""m"",""u"",""l"",""ɔ"",""ŋ""]",2,,HIGHLY_PHONEMIC,,
204,usa,"[11,2,1,8]","[""u"",""s"",""ɑ"",""ː""]",2,NOUN,PERFECT,,
194,wika,"[23,4,8,15,1]","[""w"",""iː"",""ː"",""k"",""ɑ""]",2,VERB,PERFECT,,
92,yon,"[10,6,5]","[""j"",""ɔ"",""n""]",2,,PERFECT,,
45,anak,"[1,5,1,15]","[""ɑ"",""n"",""ɑ"",""k""]",1,NOUN,PERFECT,,
99,ate,"[1,7,21]","[""ɑ"",""t"",""ɛ""]",1,NOUN,PERFECT,,
212,bakal,"[20,1,8,15,1,13]","[""b"",""ɑ"",""ː"",""k"",""ɑ"",""l""]",1,NOUN,PERFECT,,
283,binalik,"[20,14,5,1,18,13,4,15]","[""b"",""ɪ"",""n"",""ɑ"",""ˈ"",""l"",""iː"",""k""]",1,VERB,PERFECT,282,ibalik
345,bulaklak,"[20,11,13,1,15,18,13,1,8,15]","[""b"",""u"",""l"",""ɑ"",""k"",""ˈ"",""l"",""ɑ"",""ː"",""k""]",1,NOUN,PERFECT,,
208,gayahin,"[22,1,18,10,1,8,19,14,5]","[""g"",""ɑ"",""ˈ"",""j"",""ɑ"",""ː"",""h"",""ɪ"",""n""]",1,VERB,PERFECT,,
290,gumagamit,"[22,11,16,1,22,1,8,16,14,7]","[""g"",""u"",""m"",""ɑ"",""g"",""ɑ"",""ː"",""m"",""ɪ"",""t""]",1,VERB,PERFECT,,
336,hininga,"[19,14,5,14,18,3,1,8]","[""h"",""ɪ"",""n"",""ɪ"",""ˈ"",""ŋ"",""ɑ"",""ː""]",1,NOUN,PHONEMIC,,
325,humingi,"[19,11,16,14,3,4]","[""h"",""u"",""m"",""ɪ"",""ŋ"",""iː""]",1,VERB,PHONEMIC,,
61,ilan,"[14,13,1,5]","[""ɪ"",""l"",""ɑ"",""n""]",1,,PERFECT,,
217,inalalayan,"[14,5,1,13,1,18,13,1,8,14,1,5,10]","[""ɪ"",""n"",""ɑ"",""l"",""ɑ"",""ˈ"",""l"",""ɑ"",""ː"",""ɪ"",""ɑ"",""n"",""j""]",1,VERB,PERFECT,,
369,inyo,"[14,5,18,10,6,8]","[""ɪ"",""n"",""ˈ"",""j"",""ɔ"",""ː""]",1,PRONOUN,PERFECT,,
370,inyong,"[14,5,18,10,6,8,3]","[""ɪ"",""n"",""ˈ"",""j"",""ɔ"",""ː"",""ŋ""]",1,PRONOUN,PHONEMIC,369,inyo
176,itinutulak,"[14,7,14,5,11,18,7,11,8,13,1,15]","[""ɪ"",""t"",""ɪ"",""n"",""u"",""ˈ"",""t"",""u"",""ː"",""l"",""ɑ"",""k""]",1,VERB,PERFECT,175,itulak
47,kaarawan,"[15,1,27,1,12,1,23,1,8,5]","[""k"",""ɑ"",""."",""ɑ"",""r"",""ɑ"",""w"",""ɑ"",""ː"",""n""]",1,NOUN,PERFECT,,
313,kahon,"[15,1,18,19,6,8,5]","[""k"",""ɑ"",""ˈ"",""h"",""ɔ"",""ː"",""n""]",1,NOUN,PERFECT,,
270,kamatis,"[15,1,16,1,8,7,14,2]","[""k"",""ɑ"",""m"",""ɑ"",""ː"",""t"",""ɪ"",""s""]",1,NOUN,PERFECT,,
48,kaming,"[15,1,16,4,3]","[""k"",""ɑ"",""m"",""iː"",""ŋ""]",1,VERB,PHONEMIC,,
193,kariton,"[15,1,12,14,7,6,8,5]","[""k"",""ɑ"",""r"",""ɪ"",""t"",""ɔ"",""ː"",""n""]",1,NOUN,PERFECT,,
334,kasi,"[15,1,18,2,4]","[""k"",""ɑ"",""ˈ"",""s"",""iː""]",1,,PERFECT,,
288,kilalang,"[15,14,13,1,46,13,1,8,3]","[""k"",""ɪ"",""l"",""ɑ"",""ˌ"",""l"",""ɑ"",""ː"",""ŋ""]",1,ADJECTIVE,PHONEMIC,,
323,kumakanta,"[15,11,18,16,1,8,15,1,5,18,7,1,8]","[""k"",""u"",""ˈ"",""m"",""ɑ"",""ː"",""k"",""ɑ"",""n"",""ˈ"",""t"",""ɑ"",""ː""]",1,VERB,PERFECT,324,kumanta
324,kumanta,"[15,11,16,1,5,18,7,1,8]","[""k"",""u"",""m"",""ɑ"",""n"",""ˈ"",""t"",""ɑ"",""ː""]",1,VERB,PERFECT,,
311,lakarin,"[13,1,15,1,8,12,14,5]","[""l"",""ɑ"",""k"",""ɑ"",""ː"",""r"",""ɪ"",""n""]",1,VERB,PERFECT,,
87,lalabas,"[13,1,13,1,20,1,2]","[""l"",""ɑ"",""l"",""ɑ"",""b"",""ɑ"",""s""]",1,VERB,PERFECT,,
209,likha,"[13,14,15,18,19,1,8]","[""l"",""ɪ"",""k"",""ˈ"",""h"",""ɑ"",""ː""]",1,NOUN,PERFECT,,
50,lima,"[13,14,16,1]","[""l"",""ɪ"",""m"",""ɑ""]",1,NUMBER,PERFECT,,
147,limang,"[13,14,18,16,1,3]","[""l"",""ɪ"",""ˈ"",""m"",""ɑ"",""ŋ""]",1,,HIGHLY_PHONEMIC,50,lima
224,lumukso,"[13,11,16,11,15,2,6,8]","[""l"",""u"",""m"",""u"",""k"",""s"",""ɔ"",""ː""]",1,VERB,PERFECT,,
280,lutuan,"[13,11,7,11,8,1,5]","[""l"",""u"",""t"",""u"",""ː"",""ɑ"",""n""]",1,NOUN,PERFECT,,
354,magaling,"[16,1,22,1,18,13,4,3]","[""m"",""ɑ"",""g"",""ɑ"",""ˈ"",""l"",""iː"",""ŋ""]",1,ADJECTIVE,PHONEMIC,,
237,maghanda,"[16,1,22,19,1,5,17,1,8]","[""m"",""ɑ"",""g"",""h"",""ɑ"",""n"",""d"",""ɑ"",""ː""]",1,VERB,PERFECT,,
307,magmaneho,"[16,1,22,16,1,5,21,8,19,6]","[""m"",""ɑ"",""g"",""m"",""ɑ"",""n"",""ɛ"",""ː"",""h"",""ɔ""]",1,VERB,PERFECT,,
73,magsulat,"[16,1,22,2,11,13,1,7]","[""m"",""ɑ"",""g"",""s"",""u"",""l"",""ɑ"",""t""]",1,VERB,PERFECT,,
310,magtinda,"[16,1,22,7,14,5,18,17,1,8]","[""m"",""ɑ"",""g"",""t"",""ɪ"",""n"",""ˈ"",""d"",""ɑ"",""ː""]",1,VERB,PERFECT,,
53,mainit,"[16,1,4,5,14,7]","[""m"",""ɑ"",""iː"",""n"",""ɪ"",""t""]",1,ADJECTIVE,PERFECT,,
353,makain,"[16,1,15,1,8,14,5]","[""m"",""ɑ"",""k"",""ɑ"",""ː"",""ɪ"",""n""]",1,VERB,PERFECT,,
54,malamig,"[16,1,26,1,16,4,22]","[""m"",""ɑ"",""z"",""ɑ"",""m"",""iː"",""g""]",1,ADJECTIVE,PERFECT,,
75,malayo,"[16,1,13,1,10,6]","[""m"",""ɑ"",""l"",""ɑ"",""j"",""ɔ""]",1,,PERFECT,,
234,marami,"[16,1,12,1,8,16,14]","[""m"",""ɑ"",""r"",""ɑ"",""ː"",""m"",""ɪ""]",1,ADJECTIVE,PERFECT,,
100,maraming,"[16,1,12,1,8,16,4,3]","[""m"",""ɑ"",""r"",""ɑ"",""ː"",""m"",""iː"",""ŋ""]",1,,PHONEMIC,,
191,nagbayanihan,"[5,1,22,20,25,5,4,8,19,1,5]","[""n"",""ɑ"",""g"",""b"",""ɑɪ"",""n"",""iː"",""ː"",""h"",""ɑ"",""n""]",1,VERB,PERFECT,,
306,naghahatid,"[5,1,22,19,1,19,1,18,7,4,17]","[""n"",""ɑ"",""g"",""h"",""ɑ"",""h"",""ɑ"",""ˈ"",""t"",""iː"",""d""]",1,VERB,PERFECT,305,maghatid
338,nagulat,"[5,1,22,11,8,13,1,7]","[""n"",""ɑ"",""g"",""u"",""ː"",""l"",""ɑ"",""t""]",1,VERB,PERFECT,337,magulat
170,nakakanguya,"[5,1,15,1,8,15,1,3,11,10,1,8]","[""n"",""ɑ"",""k"",""ɑ"",""ː"",""k"",""ɑ"",""ŋ"",""u"",""j"",""ɑ"",""ː""]",1,VERB,HIGHLY_PHONEMIC,,
98,nakito,"[5,1,15,4,8,7,6]","[""n"",""ɑ"",""k"",""iː"",""ː"",""t"",""ɔ""]",1,VERB,PERFECT,106,makita
330,namasyal,"[5,1,16,1,18,24,1,8,13]","[""n"",""ɑ"",""m"",""ɑ"",""ˈ"",""ʃ"",""ɑ"",""ː"",""l""]",1,VERB,PHONEMIC,329,mamasyal
101,naming,"[5,1,16,14,3]","[""n"",""ɑ"",""m"",""ɪ"",""ŋ""]",1,,PHONEMIC,,
189,nawalan,"[5,1,23,1,13,1,8,5]","[""n"",""ɑ"",""w"",""ɑ"",""l"",""ɑ"",""ː"",""n""]",1,VERB,PERFECT,190,mawalan
178,pag-asa,"[9,1,22,27,1,8,2,1]","[""p"",""ɑ"",""g"",""."",""ɑ"",""ː"",""s"",""ɑ""]",1,NOUN,PERFECT,,
317,paglaki,"[9,1,22,13,1,18,15,4]","[""p"",""ɑ"",""g"",""l"",""ɑ"",""ˈ"",""k"",""iː""]",1,NOUN,PERFECT,,
322,pilit,"[9,14,18,13,4,7]","[""p"",""ɪ"",""ˈ"",""l"",""iː"",""t""]",1,ADJECTIVE,PERFECT,,
286,pong,"[9,6,3]","[""p"",""ɔ"",""ŋ""]",1,,,,
413,sabihin,"[2,1,20,4,19,14,5]","[""s"",""ɑ"",""b"",""iː"",""h"",""ɪ"",""n""]",1,VERB,PERFECT,,
326,sapa,"[2,1,8,9,1]","[""s"",""ɑ"",""ː"",""p"",""ɑ""]",1,NOUN,PERFECT,,
333,sinusubukan,"[2,14,18,5,11,8,2,43,20,11,8,15,1,5]","[""s"",""ɪ"",""ˈ"",""n"",""u"",""ː"",""s"",""ʊ"",""b"",""u"",""ː"",""k"",""ɑ"",""n""]",1,VERB,PERFECT,332,subukan
332,subukan,"[2,11,20,11,8,15,1,5]","[""s"",""u"",""b"",""u"",""ː"",""k"",""ɑ"",""n""]",1,VERB,PERFECT,,
285,tabi,"[7,1,18,20,4]","[""t"",""ɑ"",""ˈ"",""b"",""iː""]",1,,PERFECT,,
235,tanggal,"[7,1,3,18,22,1,8,13]","[""t"",""ɑ"",""ŋ"",""ˈ"",""g"",""ɑ"",""ː"",""l""]",1,ADJECTIVE,PHONEMIC,,
355,tatagal,"[18,7,1,8,7,1,18,22,1,8,13]","[""ˈ"",""t"",""ɑ"",""ː"",""t"",""ɑ"",""ˈ"",""g"",""ɑ"",""ː"",""l""]",1,VERB,PERFECT,,
292,titira,"[18,7,4,7,14,18,12,1,8]","[""ˈ"",""t"",""iː"",""t"",""ɪ"",""ˈ"",""r"",""ɑ"",""ː""]",1,VERB,PERFECT,,
56,tito,"[7,4,8,7,6]","[""t"",""iː"",""ː"",""t"",""ɔ""]",1,NOUN,PERFECT,,
295,tumatakbo,"[7,11,18,16,1,8,7,1,15,18,20,6,8]","[""t"",""u"",""ˈ"",""m"",""ɑ"",""ː"",""t"",""ɑ"",""k"",""ˈ"",""b"",""ɔ"",""ː""]",1,VERB,PERFECT,294,tumakbo
57,tutulong,"[7,11,7,11,13,6,3]","[""t"",""u"",""t"",""u"",""l"",""ɔ"",""ŋ""]",1,VERB,PHONEMIC,,
210,umiyak,"[11,16,14,10,1,8,15]","[""u"",""m"",""ɪ"",""j"",""ɑ"",""ː"",""k""]",1,VERB,PERFECT,,
284,upuan,"[11,9,11,8,1,5]","[""u"",""p"",""u"",""ː"",""ɑ"",""n""]",1,NOUN,PERFECT,,
425,amin,"[1,8,16,14,5]","[""ɑ"",""ː"",""m"",""ɪ"",""n""]",0,PRONOUN,PERFECT,,
238,animnapu,"[18,1,8,5,14,16,27,5,1,9,11,8]","[""ˈ"",""ɑ"",""ː"",""n"",""ɪ"",""m"",""."",""n"",""ɑ"",""p"",""u"",""ː""]",0,,PERFECT,,
239,animnapu't,"[18,1,5,14,16,27,5,1,18,9,11,7]","[""ˈ"",""ɑ"",""n"",""ɪ"",""m"",""."",""n"",""ɑ"",""ˈ"",""p"",""u"",""t""]",0,,PERFECT,,
195,apatnapu,"[1,8,9,1,7,27,5,1,9,11,8]","[""ɑ"",""ː"",""p"",""ɑ"",""t"",""."",""n"",""ɑ"",""p"",""u"",""ː""]",0,,PERFECT,,
196,apatnapu't,"[1,8,9,1,7,27,5,1,18,9,11,7]","[""ɑ"",""ː"",""p"",""ɑ"",""t"",""."",""n"",""ɑ"",""ˈ"",""p"",""u"",""t""]",0,,PERFECT,,
129,bibitawan,"[20,14,20,14,18,7,1,8,23,1,5]","[""b"",""ɪ"",""b"",""ɪ"",""ˈ"",""t"",""ɑ"",""ː"",""w"",""ɑ"",""n""]",0,VERB,PERFECT,126,bitawan
220,bigas,"[20,14,22,1,8,2]","[""b"",""ɪ"",""g"",""ɑ"",""ː"",""s""]",0,NOUN,PERFECT,,
182,bilangin,"[20,14,13,1,8,3,14,5]","[""b"",""ɪ"",""l"",""ɑ"",""ː"",""ŋ"",""ɪ"",""n""]",0,VERB,PHONEMIC,,
128,binibitawan,"[20,14,5,14,20,14,18,7,1,8,23,1,5]","[""b"",""ɪ"",""n"",""ɪ"",""b"",""ɪ"",""ˈ"",""t"",""ɑ"",""ː"",""w"",""ɑ"",""n""]",0,VERB,PERFECT,126,bitawan
127,binitawan,"[20,14,5,14,18,7,1,8,23,1,5]","[""b"",""ɪ"",""n"",""ɪ"",""ˈ"",""t"",""ɑ"",""ː"",""w"",""ɑ"",""n""]",0,VERB,PERFECT,126,bitawan
58,bubuyog,"[20,11,20,11,10,6,22]","[""b"",""u"",""b"",""u"",""j"",""ɔ"",""g""]",0,NOUN,PERFECT,,
59,dalawampu,"[17,1,13,1,23,1,16,9,11]","[""d"",""ɑ"",""l"",""ɑ"",""w"",""ɑ"",""m"",""p"",""u""]",0,NUMBER,PERFECT,,
60,dalawampu't,"[17,1,13,1,23,1,16,9,11,7]","[""d"",""ɑ"",""l"",""ɑ"",""w"",""ɑ"",""m"",""p"",""u"",""t""]",0,,HIGHLY_PHONEMIC,,
153,dulas,"[17,11,13,1,8,2]","[""d"",""u"",""l"",""ɑ"",""ː"",""s""]",0,NOUN,PERFECT,,
154,dumulas,"[17,11,16,11,13,1,8,2]","[""d"",""u"",""m"",""u"",""l"",""ɑ"",""ː"",""s""]",0,VERB,PERFECT,,
117,habulin,"[19,1,20,11,8,13,14,5]","[""h"",""ɑ"",""b"",""u"",""ː"",""l"",""ɪ"",""n""]",0,VERB,PERFECT,,
162,hilahin,"[19,14,13,1,8,19,14,5]","[""h"",""ɪ"",""l"",""ɑ"",""ː"",""h"",""ɪ"",""n""]",0,VERB,PERFECT,,
282,ibalik,"[14,20,1,18,13,4,15]","[""ɪ"",""b"",""ɑ"",""ˈ"",""l"",""iː"",""k""]",0,VERB,PERFECT,,
62,itim,"[14,7,4,16]","[""ɪ"",""t"",""iː"",""m""]",0,ADJECTIVE,PERFECT,,
175,itulak,"[14,18,7,11,8,13,1,15]","[""ɪ"",""ˈ"",""t"",""u"",""ː"",""l"",""ɑ"",""k""]",0,VERB,PERFECT,,
221,kanin,"[15,1,8,5,14,5]","[""k"",""ɑ"",""ː"",""n"",""ɪ"",""n""]",0,NOUN,PERFECT,,
63,kumot,"[15,11,16,6,7]","[""k"",""u"",""m"",""ɔ"",""t""]",0,NOUN,PERFECT,,
64,labimpito,"[13,1,20,14,16,27,9,14,7,6]","[""l"",""ɑ"",""b"",""ɪ"",""m"",""."",""p"",""ɪ"",""t"",""ɔ""]",0,NUMBER,HIGHLY_PHONEMIC,,
65,labindalawa,"[13,1,20,14,5,27,17,1,13,1,23]","[""l"",""ɑ"",""b"",""ɪ"",""n"",""."",""d"",""ɑ"",""l"",""ɑ"",""w""]",0,NUMBER,HIGHLY_PHONEMIC,,
66,labing-anim,"[13,1,20,14,3,27,1,5,14,16]","[""l"",""ɑ"",""b"",""ɪ"",""ŋ"",""."",""ɑ"",""n"",""ɪ"",""m""]",0,NUMBER,PHONEMIC,,
67,labing-apat,"[13,1,20,14,3,27,1,9,1,7]","[""l"",""ɑ"",""b"",""ɪ"",""ŋ"",""."",""ɑ"",""p"",""ɑ"",""t""]",0,NUMBER,PHONEMIC,,
68,labing-isa,"[13,1,20,14,3,27,14,2,1]","[""l"",""ɑ"",""b"",""ɪ"",""ŋ"",""."",""ɪ"",""s"",""ɑ""]",0,NUMBER,PHONEMIC,,
69,labingwalo,"[13,1,20,14,3,27,23,1,13,6]","[""l"",""ɑ"",""b"",""ɪ"",""ŋ"",""."",""w"",""ɑ"",""l"",""ɔ""]",0,NUMBER,PHONEMIC,,
70,labinlima,"[13,1,20,14,5,27,13,14,16,1]","[""l"",""ɑ"",""b"",""ɪ"",""n"",""."",""l"",""ɪ"",""m"",""ɑ""]",0,NUMBER,HIGHLY_PHONEMIC,,
71,labinsiyam,"[13,1,20,14,5,27,24,1,16]","[""l"",""ɑ"",""b"",""ɪ"",""n"",""."",""ʃ"",""ɑ"",""m""]",0,NUMBER,PHONEMIC,,
72,labintatlo,"[13,1,20,14,5,27,7,1,7,13,6]","[""l"",""ɑ"",""b"",""ɪ"",""n"",""."",""t"",""ɑ"",""t"",""l"",""ɔ""]",0,NUMBER,HIGHLY_PHONEMIC,,
213,limampu,"[13,14,16,1,16,9,11,8]","[""l"",""ɪ"",""m"",""ɑ"",""m"",""p"",""u"",""ː""]",0,,PERFECT,,
214,limampu't,"[14,16,1,16,18,9,11,7]","[""ɪ"",""m"",""ɑ"",""m"",""ˈ"",""p"",""u"",""t""]",0,,PERFECT,,
305,maghatid,"[16,1,22,19,1,18,7,4,17]","[""m"",""ɑ"",""g"",""h"",""ɑ"",""ˈ"",""t"",""iː"",""d""]",0,VERB,PERFECT,,
105,magiging,"[16,1,18,22,4,8,22,14,3]","[""m"",""ɑ"",""ˈ"",""g"",""iː"",""ː"",""g"",""ɪ"",""ŋ""]",0,VERB,PHONEMIC,38,maging
384,maglakad,"[16,1,22,13,1,18,15,1,8,17]","[""m"",""ɑ"",""g"",""l"",""ɑ"",""ˈ"",""k"",""ɑ"",""ː"",""d""]",0,VERB,PERFECT,,
337,magulat,"[16,1,22,11,8,13,1,7]","[""m"",""ɑ"",""g"",""u"",""ː"",""l"",""ɑ"",""t""]",0,VERB,PERFECT,,
74,mahal,"[16,1,19,1,13]","[""m"",""ɑ"",""h"",""ɑ"",""l""]",0,,PERFECT,,
130,mahulog,"[16,1,18,19,11,8,13,6,22]","[""m"",""ɑ"",""ˈ"",""h"",""u"",""ː"",""l"",""ɔ"",""g""]",0,VERB,PERFECT,,
420,maisip,"[16,1,4,2,14,9]","[""m"",""ɑ"",""iː"",""s"",""ɪ"",""p""]",0,VERB,PERFECT,,
173,makakain,"[16,1,15,1,15,1,8,14,5]","[""m"",""ɑ"",""k"",""ɑ"",""k"",""ɑ"",""ː"",""ɪ"",""n""]",0,VERB,PERFECT,,
115,makakita,"[16,1,15,1,18,15,4,8,7,1]","[""m"",""ɑ"",""k"",""ɑ"",""ˈ"",""k"",""iː"",""ː"",""t"",""ɑ""]",0,VERB,PERFECT,,
155,makalakad,"[16,1,15,1,13,1,8,15,1,17]","[""m"",""ɑ"",""k"",""ɑ"",""l"",""ɑ"",""ː"",""k"",""ɑ"",""d""]",0,VERB,PERFECT,,
329,mamasyal,"[16,1,16,1,18,24,1,8,13]","[""m"",""ɑ"",""m"",""ɑ"",""ˈ"",""ʃ"",""ɑ"",""ː"",""l""]",0,VERB,PHONEMIC,,
167,marating,"[16,1,12,1,7,4,8,3]","[""m"",""ɑ"",""r"",""ɑ"",""t"",""iː"",""ː"",""ŋ""]",0,VERB,PHONEMIC,,
120,maupo,"[16,1,11,9,6,8]","[""m"",""ɑ"",""u"",""p"",""ɔ"",""ː""]",0,VERB,PERFECT,,
190,mawalan,"[16,1,23,1,13,1,8,5]","[""m"",""ɑ"",""w"",""ɑ"",""l"",""ɑ"",""ː"",""n""]",0,VERB,PERFECT,,
77,nagugutom,"[5,1,22,11,22,11,7,6,16]","[""n"",""ɑ"",""g"",""u"",""g"",""u"",""t"",""ɔ"",""m""]",0,ADJECTIVE,PERFECT,,
253,ninyo,"[5,14]","[""n"",""ɪ""]",0,,,,
222,palay,"[9,1,8,13,25]","[""p"",""ɑ"",""ː"",""l"",""ɑɪ""]",0,NOUN,PERFECT,,
79,pinsan,"[9,14,5,2,1,5]","[""p"",""ɪ"",""n"",""s"",""ɑ"",""n""]",0,NOUN,PERFECT,,
80,pito,"[9,14,7,6]","[""p"",""ɪ"",""t"",""ɔ""]",0,NUMBER,PERFECT,,
256,pitumpu,"[9,14,7,11,16,18,9,11,8]","[""p"",""ɪ"",""t"",""u"",""m"",""ˈ"",""p"",""u"",""ː""]",0,,PERFECT,,
257,pitumpu't,"[14,7,11,16,18,9,11,7]","[""ɪ"",""t"",""u"",""m"",""ˈ"",""p"",""u"",""t""]",0,,PERFECT,256,pitumpu
411,pula,"[9,11,18,13,1,8]","[""p"",""u"",""ˈ"",""l"",""ɑ"",""ː""]",0,ADJECTIVE,PERFECT,,
81,sampu,"[2,1,16,9,11]","[""s"",""ɑ"",""m"",""p"",""u""]",0,NUMBER,PERFECT,,
308,sasakyan,"[2,1,2,1,15,18,10,1,8,5]","[""s"",""ɑ"",""s"",""ɑ"",""k"",""ˈ"",""j"",""ɑ"",""ː"",""n""]",0,NOUN,PERFECT,,
108,sayaw,"[2,1,18,10,1,8,23]","[""s"",""ɑ"",""ˈ"",""j"",""ɑ"",""ː"",""w""]",0,VERB,PERFECT,,
83,sero,"[2,21,28,6]","[""s"",""ɛ"",""r̩"",""ɔ""]",0,NUMBER,PERFECT,,
84,siyam,"[24,1,16]","[""ʃ"",""ɑ"",""m""]",0,NUMBER,NON_PHONEMIC,,
300,siyamnapu,"[24,1,16,5,1,18,9,11,8]","[""ʃ"",""ɑ"",""m"",""n"",""ɑ"",""ˈ"",""p"",""u"",""ː""]",0,NUMBER,,,
301,siyamnapu't,"[24,1,16,5,1,18,9,11,7]","[""ʃ"",""ɑ"",""m"",""n"",""ɑ"",""ˈ"",""p"",""u"",""t""]",0,,PHONEMIC,300,siyamnapu
122,sundan,"[2,11,5,18,17,1,8,5]","[""s"",""u"",""n"",""ˈ"",""d"",""ɑ"",""ː"",""n""]",0,VERB,PERFECT,,
157,talon,"[7,1,13,6,8,5]","[""t"",""ɑ"",""l"",""ɔ"",""ː"",""n""]",0,NOUN,PERFECT,,
85,tatlumpu,"[7,1,7,13,11,16,9,11]","[""t"",""ɑ"",""t"",""l"",""u"",""m"",""p"",""u""]",0,,PERFECT,,
180,tatlumpu't,"[7,1,7,13,11,16,9,11,7]","[""t"",""ɑ"",""t"",""l"",""u"",""m"",""p"",""u"",""t""]",0,,PERFECT,85,tatlumpu
86,walo,"[23,1,13,6]","[""w"",""ɑ"",""l"",""ɔ""]",0,NUMBER,PERFECT,,
272,walumpu,"[23,1,13,11,16,9,11,8]","[""w"",""ɑ"",""l"",""u"",""m"",""p"",""u"",""ː""]",0,,PERFECT,,
273,walumpu't,"[23,1,13,11,16,18,9,11,7]","[""w"",""ɑ"",""l"",""u"",""m"",""ˈ"",""p"",""u"",""t""]",0,,PERFECT,,
